"numero","nombre","sector","categoria"
"3256","Regenerative Design","Diseno regenerativo","Educacion"
"3255","Fuel Cell Manufacturing","Fabricacion de pilas de combustible","Energia"
"3254","Smart Meter Manufacturing","Fabricacion de contadores inteligentes","Tecnologia de la Informacion y Comunicaciones (TIC)"
"3253","Alternative Fuel Vehicle Manufacturing","Fabricacion de vehiculos de combustible alternativo","Energia"
"3252","Climate Data and Analytics","Datos y analisis climaticos","Energia"
"3251","Climate Technology Product Manufacturing","Industria de la tecnologia climatica","Energia"
"3250","Retail Pharmacies","Farmacias minoristas","Salud"
"3249","Surveying and Mapping Services","Servicios de topografia y cartografia","Agricultura"
"3248","Robotics Engineering","Ingenieria robotica","Tecnologia de la Informacion y Comunicaciones (TIC)"
"3247","Robot Manufacturing","Fabricacion de robots","Tecnologia de la Informacion y Comunicaciones (TIC)"
"3246","Accessible Architecture and Design","Arquitectura y diseno accesibles","Construccion e Infraestructura"
"3245","Accessible Hardware Manufacturing","Fabricacion de equipos y dispositivos de accesibilidad","Tecnologia de la Informacion y Comunicaciones (TIC)"
"3244","Digital Accessibility Services","Servicios de accesibilidad digital","Tecnologia de la Informacion y Comunicaciones (TIC)"
"3243","Services for Renewable Energy","Servicios para energias renovables","Energia"
"3242","Engineering Services","Servicios de ingenieria","Construccion e Infraestructura"
"3241","Renewable Energy Equipment Manufacturing","Fabricacion de maquinaria y equipos de energia renovable","Energia"
"3240","Renewable Energy Power Generation","Generacion de energia renovable","Energia"
"3239","Paper & Forest Products","Productos de papel y forestales","Agricultura"
"3238","Biotechnology","Biotecnologia","Salud"
"3237","Entertainment","Entretenimiento","Turismo y Hospitalidad"
"3236","Maritime","Naval","Construccion e Infraestructura"
"3235","Computer Hardware","Equipos informaticos","Tecnologia de la Informacion y Comunicaciones (TIC)"
"3234","Computer Networking","Interconexion en red","Tecnologia de la Informacion y Comunicaciones (TIC)"
"3233","Research","Investigacion","Educacion"
"3232","Government Relations","Relaciones gubernamentales","Gobierno"
"3231","Information Technology & Services","Servicios y tecnologias de la informacion","Tecnologia de la Informacion y Comunicaciones (TIC)"
"3230","Philanthropy","Filantropia","Servicios Financieros"
"3229","Warehousing","Almacenamiento","Tecnologia de la Informacion y Comunicaciones (TIC)"
"3228","Tobacco","Tabaco","Comercio y Logistica"
"3227","Design","Diseno","Tecnologia de la Informacion y Comunicaciones (TIC)"
"3226","Aviation & Aerospace","Industria aeroespacial y aviacion","Tecnologia de la Informacion y Comunicaciones (TIC)"
"3224","Food Production","Produccion alimentaria","Agricultura"
"3223","Packaging & Containers","Embalaje y contenedores","Comercio y Logistica"
"3222","Transportation/Trucking/Railroad","Transporte por carretera o ferrocarril","Comercio y Logistica"
"3221","Mechanical Or Industrial Engineering","Ingenieria industrial o mecanica","Manufactura"
"3220","Wine & Spirits","Vinos y licores","Comercio y Logistica"
"3219","Commercial Real Estate","Bienes inmobiliarios comerciales","Comercio y Logistica"
"3217","Medical Device","Servicios medicos","Salud"
"3216","Industrial Automation","Automatizacion industrial","Manufactura"
"3215","Animation","Animacion","Entretenimiento"
"3214","Online Media","Medios de comunicacion en linea","Tecnologia de la Informacion y Comunicaciones (TIC)"
"3213","Renewables & Environment","Energia renovable y medio ambiente","Energia"
"3212","Luxury Goods & Jewelry","Articulos de lujo y joyas","Comercio y Logistica"
"3211","Business Supplies & Equipment","Material y equipo de negocios","Servicios Financieros"
"3210","Human Resources","Recursos humanos","Servicios Financieros"
"3209","Import & Export","Importacion y exportacion","Comercio y Logistica"
"3208","E-learning","E-learning","Educacion"
"3207","Health, Wellness & Fitness","Sanidad, bienestar y ejercicio","Salud"
"3206","Outsourcing/Offshoring","Subcontrataciones/Offshoring","Servicios Financieros"
"3205","Music","Musica","Entretenimiento"
"3204","Arts & Crafts","Artesania","Comercio y Logistica"
"3203","Program Development","Desarrollo de programacion","Tecnologia de la Informacion y Comunicaciones (TIC)"
"3202","Non-profit Organization Management","Gestion de organizaciones sin animo de lucro","Gobierno"
"3201","Public Policy","Politica publica","Gobierno"
"3197","Building Materials","Materiales de construccion","Construccion e Infraestructura"
"3196","Fine Art","Bellas Artes","Cultura"
"3195","Food & Beverages","Alimentacion y bebidas","Agricultura"
"3194","Leisure, Travel & Tourism","Ocio, viajes y turismo","Turismo y Hospitalidad"
"3193","Furniture","Mobiliario","Comercio y Logistica"
"3192","Consumer Goods","Articulos de consumo","Comercio y Logistica"
"3191","Consumer Electronics","Electronica de consumo","Tecnologia de la Informacion y Comunicaciones (TIC)"
"3190","Apparel & Fashion","Industria textil y moda","Manufactura"
"3189","Cosmetics","Cosmetica","Salud"
"3188","Veterinary","Veterinaria","Salud"
"3187","Defense & Space","Departamento de defensa y del espacio exterior","Gobierno"
"3186","Retail Art Dealers","Comercio al por menor de obras de arte","Comercio y Logistica"
"3134","Blockchain Services","Servicios de blockchain","Tecnologia de la Informacion y Comunicaciones (TIC)"
"3133","Media and Telecommunications","Medios de comunicacion y telecomunicaciones","Tecnologia de la Informacion y Comunicaciones (TIC)"
"3132","Internet Publishing","Publicaciones en linea","Tecnologia de la Informacion y Comunicaciones (TIC)"
"3131","Mobile Gaming Apps","Aplicaciones de juegos para dispositivos moviles","Tecnologia de la Informacion y Comunicaciones"
"3130","Data Security Software Products","Software de seguridad de datos","Tecnologia de la Informacion y Comunicaciones"
"3129","Business Content","Contenido y noticias de negocios","Tecnologia de la Informacion y Comunicaciones"
"3128","Business Intelligence Platforms","Plataformas de inteligencia empresarial","Tecnologia de la Informacion y Comunicaciones"
"3127","Social Networking Platforms","Plataformas de redes sociales","Tecnologia de la Informacion y Comunicaciones"
"3126","Interior Design","Diseno de interiores","Comercio y Logistica"
"3125","Blogs","Blogs","Tecnologia de la Informacion y Comunicaciones"
"3124","Internet News","Noticias en linea","Tecnologia de la Informacion y Comunicaciones"
"3107","IT System Testing and Evaluation","Prueba y evaluacion de sistemas de TI","Tecnologia de la Informacion y Comunicaciones"
"3106","IT System Data Services","Servicios de datos de sistemas de TI","Tecnologia de la Informacion y Comunicaciones"
"3105","IT System Training and Support","Formacion y soporte de sistemas de TI","Tecnologia de la Informacion y Comunicaciones"
"3104","IT System Installation and Disposal","Instalacion y eliminacion de sistemas de TI","Tecnologia de la Informacion y Comunicaciones"
"3103","IT System Operations and Maintenance","Operaciones y mantenimiento de sistemas de TI","Tecnologia de la Informacion y Comunicaciones"
"3102","IT System Custom Software Development","Desarrollo de software personalizado de sistemas de TI","Tecnologia de la Informacion y Comunicaciones"
"3101","Desktop Computing Software Products","Productos de software de escritorio","Tecnologia de la Informacion y Comunicaciones"
"3100","Mobile Computing Software Products","Productos de software para moviles","Tecnologia de la Informacion y Comunicaciones"
"3099","Embedded Software Products","Productos de software embebido","Tecnologia de la Informacion y Comunicaciones"
"3095","Oil Extraction","Extraccion de petroleo","Energia"
"3089","Space Research and Technology","Investigacion y tecnologia espacial","Energia"
"3086","Utilities Administration","Administracion de servicios publicos","Servicios Financieros"
"3085","Transportation Programs","Programas de transporte","Comercio y Logistica"
"3081","Housing Programs","Programas de vivienda","Construccion e Infraestructura"
"3070","Fire Protection","Prevencion y lucha contra incendios","Servicios Financieros"
"3068","Correctional Institutions","Instituciones penitenciarias","Servicios Financieros"
"3065","Courts of Law","Tribunales judiciales","Servicios Financieros"
"2934","Landscaping Services","Servicios de paisajismo","Agricultura"
"2500","Wineries","Bodegas","Comercio y Logistica"
"2489","Wind Electric Power Generation","Generacion de energia electrica eolica","Energia"
"2468","Electrical Equipment Manufacturing","Fabricacion de equipos electricos","Manufactura"
"2458","Data Infrastructure and Analytics","Infraestructura y analisis de datos","Tecnologia de la Informacion y Comunicaciones"
"2401","Operations Consulting","Consultoria de operaciones","Servicios Financieros"
"2391","Military and International Affairs","Fuerzas Armadas y asuntos exteriores","Servicios Financieros"
"2375","Economic Programs","Programas economicos","Servicios Financieros"
"2374","Community Development and Urban Planning","Desarrollo comunitario y planificacion urbana","Construccion e Infraestructura"
"2369","Housing and Community Development","Vivienda y desarrollo comunitario","Construccion e Infraestructura"
"2368","Conservation Programs","Programas de conservacion medioambiental","Agricultura"
"2366","Air, Water, and Waste Program Management","Gestion de programas del aire, el agua y los residuos","Agricultura"
"2360","Public Assistance Programs","Programas de asistencia publica","Salud"
"2358","Public Health","Salud publica","Salud"
"2353","Health and Human Services","Salud y servicios sociales","Salud"
"2318","Household Services","Servicio domestico","Comercio y Logistica"
"2272","Laundry and Drycleaning Services","Servicios de lavanderia y tintoreria","Comercio y Logistica"
"2259","Personal Care Services","Servicios de cuidado personal","Salud"
"2258","Personal and Laundry Services","Servicios personales y de lavanderia","Comercio y Logistica"
"2253","Reupholstery and Furniture Repair","Reparacion de muebles y retapizado","Comercio y Logistica"
"2247","Commercial and Industrial Machinery Maintenance","Mantenimiento de maquinaria comercial e industrial","Manufactura"
"2240","Electronic and Precision Equipment Maintenance","Mantenimiento de equipos electronicos y de precision","Manufactura"
"2226","Vehicle Repair and Maintenance","Reparacion y mantenimiento de vehiculos","Comercio y Logistica"
"2225","Repair and Maintenance","Reparacion y mantenimiento","Comercio y Logistica"
"2217","Bars, Taverns, and Nightclubs","Bares, tabernas y clubes nocturnos","Turismo y Hospitalidad"
"2212","Caterers","Proveedores de catering","Turismo y Hospitalidad"
"2197","Bed-and-Breakfasts, Hostels, Homestays","Bed and breakfasts, hostales y alojamientos en casas particulares","Turismo y Hospitalidad"
"2190","Accommodation and Food Services","Servicios de alojamiento y restauracion","Turismo y Hospitalidad"
"2179","Golf Courses and Country Clubs","Campos de golf y clubes sociales","Turismo y Hospitalidad"
"2167","Amusement Parks and Arcades","Parques de atracciones y salones recreativos","Turismo y Hospitalidad"
"2161","Historical Sites","Sitios historicos","Turismo y Hospitalidad"
"2159","Museums","Museos","Turismo y Hospitalidad"
"2143","Racetracks","Circuitos e hipodromos","Turismo y Hospitalidad"
"2139","Circuses and Magic Shows","Circos y espectaculos de magia","Turismo y Hospitalidad"
"2135","Dance Companies","Companias de danza","Turismo y Hospitalidad"
"2133","Theater Companies","Companias de teatro","Turismo y Hospitalidad"
"2130","Performing Arts and Spectator Sports","Artes escenicas y espectaculos deportivos","Turismo y Hospitalidad"
"2128","Child Day Care Services","Servicios de guarderia","Salud"
"2125","Vocational Rehabilitation Services","Servicios de readaptacion profesional","Salud"
"2122","Emergency and Relief Services","Servicios de emergencia y socorro","Salud"
"2115","Community Services","Servicios comunitarios","Servicios Financieros"
"2112","Services for the Elderly and Disabled","Servicios para personas mayores y con discapacidad","Salud"
"2091","Nursing Homes and Residential Care Facilities","Residencias para personas mayores y con dependencia","Salud"
"2081","Hospitals","Hospitales","Salud"
"2077","Ambulance Services","Servicios de ambulancia","Salud"
"2074","Home Health Care Services","Servicios de atencion sanitaria a domicilio","Salud"
"2069","Medical and Diagnostic Laboratories","Laboratorios medicos y de diagnostico","Salud"
"2063","Outpatient Care Centers","Centros de atencion ambulatoria","Salud"
"2054","Physical, Occupational and Speech Therapists","Fisioterapeutas, terapeutas ocupacionales y logopedas","Salud"
"2048","Chiropractors","Quiropracticos","Salud"
"2045","Dentists","Dentistas","Salud"
"2040","Physicians","Medicos","Salud"
"2027","Sports and Recreation Instruction","Formacion deportiva y recreativa","Educacion"
"2025","Fine Arts Schools","Escuelas de bellas artes","Educacion"
"2020","Flight Training","Formacion de vuelo","Educacion"
"2019","Cosmetology and Barber Schools","Escuelas de cosmetologia y peluqueria","Educacion"
"2018","Technical and Vocational Training","Formacion tecnica y profesional","Educacion"
"1986","Waste Treatment and Disposal","Tratamiento y eliminacion de residuos","Medio Ambiente"
"1981","Waste Collection","Recogida de residuos","Medio Ambiente"
"1965","Janitorial Services","Servicios de conserjeria","Servicios Financieros"
"1958","Security Systems Services","Servicios de sistemas de seguridad","Seguridad"
"1956","Security Guards and Patrol Services","Guardias de seguridad y servicios de vigilancia","Seguridad"
"1938","Collection Agencies","Agencias de cobros","Servicios Financieros"
"1931","Telephone Call Centers","Centros de atencion telefonica","Servicios Financieros"
"1925","Temporary Help Services","Servicios de trabajo temporal","Recursos Humanos"
"1923","Executive Search Services","Servicios de contratacion de directivos","Recursos Humanos"
"1916","Office Administration","Administracion de oficinas","Servicios Financieros"
"1912","Administrative and Support Services","Organizacion de viajes","Turismo y Hospitalidad"
"1911","Professional Organizations","Organizaciones profesionales","Servicios Financieros"
"1909","Industry Associations","Asociaciones sectoriales","Servicios Financieros"
"1905","Holding Companies","Sociedades holding","Servicios Financieros"
"1862","Marketing Services","Servicios de marketing","Marketing y Publicidad"
"1855","IT System Design Services","Servicios de diseno de sistemas de TI","Tecnologia de la Informacion y Comunicaciones"
"1810","Professional Services","Servicios profesionales","Servicios Financieros"
"1798","Commercial and Industrial Equipment Rental","Alquiler de equipos comerciales e industriales","Comercio y Logistica"
"1786","Consumer Goods Rental","Alquiler de productos de consumo","Comercio y Logistica"
"1779","Equipment Rental Services","Servicios de alquiler de equipos","Comercio y Logistica"
"1770","Real Estate Agents and Brokers","Agentes e intermediarios inmobiliarios","Bienes Raices"
"1759","Leasing Residential Real Estate","Alquiler de bienes inmuebles residenciales","Bienes Raices"
"1757","Real Estate and Equipment Rental Services","Servicios de alquiler de bienes inmuebles y de equipos","Bienes Raices"
"1750","Trusts and Estates","Fideicomisos y patrimonio","Finanzas"
"1745","Pension Funds","Fondos de pensiones","Finanzas"
"1743","Insurance and Employee Benefit Funds","Fondos de seguros y prestaciones para empleados","Finanzas"
"1742","Funds and Trusts","Fondos y fideicomisos","Finanzas"
"1738","Claims Adjusting, Actuarial Services","Servicios actuariales y de liquidacion de reclamaciones","Finanzas"
"1737","Insurance Agencies and Brokerages","Agencias de seguros y corretaje","Finanzas"
"1725","Insurance Carriers","Aseguradoras","Finanzas"
"1720","Investment Advice","Asesoria de inversion","Finanzas"
"1713","Securities and Commodity Exchanges","Mercados de valores y de materias primas","Finanzas"
"1696","Loan Brokers","Intermediarios financieros","Finanzas"
"1673","Credit Intermediation","Intermediacion crediticia","Finanzas"
"1649","Satellite Telecommunications","Telecomunicaciones por satelite","Telecomunicaciones"
"1641","Cable and Satellite Programming","Programacion por cable y satelite","Telecomunicaciones"
"1633","Radio and Television Broadcasting","Emision de radio y television","Medios de Comunicacion"
"1625","Sheet Music Publishing","Edicion musical","Medios de Comunicacion"
"1623","Sound Recording","Grabacion de sonido","Medios de Comunicacion"
"1611","Movies and Sound Recording","Produccion multimedia","Medios de Comunicacion"
"1602","Book Publishing","Edicion de libros","Medios de Comunicacion"
"1600","Periodical Publishing","Edicion de revistas","Medios de Comunicacion"
"1594","Technology, Information and Media","Tecnologia, informacion y medios de comunicacion","Tecnologia de la Informacion y Comunicaciones"
"1573","Postal Services","Servicios postales","Servicios Financieros"
"1532","Sightseeing Transportation","Medios de transporte turisticos","Turismo y Hospitalidad"
"1520","Pipeline Transportation","Transporte por tuberia","Comercio y Logistica"
"1517","Shuttles and Special Needs Transportation Services","Servicios de transporte privado y para personas con necesidades especiales","Comercio y Logistica"
"1512","School and Employee Bus Services","Servicios de autobus escolar y para empleados","Comercio y Logistica"
"1505","Taxi and Limousine Services","Servicios de taxi y limusina","Comercio y Logistica"
"1504","Interurban and Rural Bus Services","Servicios de autobus interurbano y rural","Comercio y Logistica"
"1497","Urban Transit Services","Transporte terrestre de pasajeros","Comercio y Logistica"
"1495","Ground Passenger Transportation","Servicios de transporte urbano","Comercio y Logistica"
"1481","Rail Transportation","Transporte por ferrocarril","Comercio y Logistica"
"1445","Online and Mail Order Retail","Comercio al por menor por correspondencia o internet","Comercio y Logistica"
"1431","Retail Recyclable Materials & Used Merchandise","Comercio al por menor de materiales reciclables y articulos de segunda mano","Comercio y Logistica"
"1424","Retail Office Supplies and Gifts","Comercio al por menor de regalos y articulos de oficina","Comercio y Logistica"
"1423","Retail Florists","Comercio al por menor de flores y plantas","Comercio y Logistica"
"1409","Retail Books and Printed News","Comercio al por menor de libros y noticias impresas","Comercio y Logistica"
"1407","Retail Musical Instruments","Comercio al por menor de instrumentos musicales","Comercio y Logistica"
"1370","Retail Gasoline","Comercio al por menor de gasolina","Comercio y Logistica"
"1359","Retail Health and Personal Care Products","Comercio al por menor de productos de cuidado e higiene personal","Comercio y Logistica"
"1339","Food and Beverage Retail","Comercio al por menor de alimentos y bebidas","Comercio y Logistica"
"1324","Retail Building Materials and Garden Equipment","Comercio al por menor de materiales de construccion y equipos de jardineria","Construccion e Infraestructura"
"1319","Retail Appliances, Electrical, and Electronic Equipment","Comercio al por menor de electrodomesticos, equipos electricos y electronicos","Tecnologia de la Informacion y Comunicaciones (TIC)"
"1309","Retail Furniture and Home Furnishings","Comercio al por menor de muebles y articulos para el hogar","Comercio y Logistica"
"1292","Retail Motor Vehicles","Comercio al por menor de vehiculos de motor","Comercio y Logistica"
"1285","Internet Marketplace Platforms","Plataformas de comercio en internet","Tecnologia de la Informacion y Comunicaciones (TIC)"
"1267","Wholesale Alcoholic Beverages","Comercio al por mayor de bebidas alcoholicas","Comercio y Logistica"
"1262","Wholesale Petroleum and Petroleum Products","Comercio al por mayor de petroleo y productos derivados","Energia"
"1257","Wholesale Chemical and Allied Products","Comercio al por mayor de quimicos y productos derivados","Energia"
"1250","Wholesale Raw Farm Products","Comercio al por mayor de materias primas agrarias","Agricultura"
"1231","Wholesale Food and Beverage","Comercio al por mayor de alimentos y bebidas","Comercio y Logistica"
"1230","Wholesale Footwear","Comercio al por mayor de calzado","Comercio y Logistica"
"1222","Wholesale Apparel and Sewing Supplies","Comercio al por mayor de prendas de vestir y suministros para confeccion","Comercio y Logistica"
"1221","Wholesale Drugs and Sundries","Comercio al por mayor de productos farmaceuticos y articulos diversos","Salud"
"1208","Wholesale Luxury Goods and Jewelry","Comercio al por mayor de articulos de lujo y joyeria","Comercio y Logistica"
"1206","Wholesale Recyclable Materials","Comercio al por mayor de materiales reciclables","Comercio y Logistica"
"1187","Wholesale Machinery","Comercio al por mayor de maquinaria","Manufactura"
"1171","Wholesale Appliances, Electrical, and Electronics","Comercio al por mayor de electrodomesticos y productos electricos y electronicos","Tecnologia de la Informacion y Comunicaciones (TIC)"
"1166","Wholesale Metals and Minerals","Comercio al por mayor de metales y minerales","Manufactura"
"1157","Wholesale Computer Equipment","Comercio al por mayor de equipos informaticos","Tecnologia de la Informacion y Comunicaciones (TIC)"
"1153","Wholesale Photography Equipment and Supplies","Comercio al por mayor de equipos y accesorios fotograficos","Tecnologia de la Informacion y Comunicaciones (TIC)"
"1137","Wholesale Furniture and Home Furnishings","Comercio al por mayor de muebles y articulos para el hogar","Comercio y Logistica"
"1128","Wholesale Motor Vehicles and Parts","Comercio al por mayor de vehiculos de motor y sus piezas","Comercio y Logistica"
"1090","Office Furniture and Fixtures Manufacturing","Fabricacion de muebles y accesorios para oficinas y establecimientos comerciales","Manufactura"
"1080","Household and Institutional Furniture Manufacturing","Fabricacion de muebles para el hogar y para instituciones","Manufactura"
"1042","Motor Vehicle Parts Manufacturing","Fabricacion de componentes, piezas y accesorios para vehiculos de motor","Manufactura"
"1029","Transportation Equipment Manufacturing","Fabricacion de equipos de transporte","Manufactura"
"1005","Household Appliance Manufacturing","Fabricacion de electrodomesticos","Manufactura"
"998","Electric Lighting Equipment Manufacturing","Fabricacion de aparatos electricos de iluminacion","Manufactura"
"994","Magnetic and Optical Media Manufacturing","Fabricacion de instrumentos opticos y magneticos","Tecnologia de la Informacion y Comunicaciones (TIC)"
"983","Measuring and Control Instrument Manufacturing","Fabricacion de instrumentos de medida y control","Tecnologia de la Informacion y Comunicaciones (TIC)"
"973","Audio and Video Equipment Manufacturing","Fabricacion de equipos para audio y video","Tecnologia de la Informacion y Comunicaciones (TIC)"
"964","Communications Equipment Manufacturing","Fabricacion de equipos de comunicaciones","Tecnologia de la Informacion y Comunicaciones (TIC)"
"935","Engines and Power Transmission Equipment Manufacturing","Fabricacion de motores y equipos de transmision de energia","Energia"
"928","Metalworking Machinery Manufacturing","Fabricacion de maquinaria para la industria metalurgica","Manufactura"
"923","HVAC and Refrigeration Equipment Manufacturing","Fabricacion de equipos de climatizacion y refrigeracion","Manufactura"
"918","Commercial and Service Industry Machinery Manufacturing","Fabricacion de maquinaria industrial para comercio y servicios","Manufactura"
"901","Agriculture, Construction, Mining Machinery Manufacturing","Fabricacion de maquinaria para mineria, construccion y agricultura","Manufactura"
"887","Metal Valve, Ball, and Roller Manufacturing","Fabricacion de valvulas, rodillos y bolas metalicas","Manufactura"
"883","Metal Treatments","Tratamiento y revestimiento de metales","Manufactura"
"876","Turned Products and Fastener Manufacturing","Fabricacion de pernos y productos de tornilleria","Manufactura"
"873","Spring and Wire Product Manufacturing","Fabricacion de productos de alambre y muelles","Manufactura"
"871","Construction Hardware Manufacturing","Fabricacion de equipos para la construccion","Construccion e Infraestructura"
"861","Boilers, Tanks, and Shipping Container Manufacturing","Fabricacion de calderas, tanques y contenedores para envios","Manufactura"
"852","Architectural and Structural Metal Manufacturing","Fabricacion de metal estructural y arquitectonico","Manufactura"
"849","Cutlery and Handtool Manufacturing","Fabricacion de cuchilleria, cuberteria y herramientas de mano","Manufactura"
"840","Fabricated Metal Products","Fabricacion de productos metalicos","Manufactura"
"807","Primary Metal Manufacturing","Fabricacion de metales primarios","Manufactura"
"799","Abrasives and Nonmetallic Minerals Manufacturing","Fabricacion de productos abrasivos y productos minerales no metalicos","Manufactura"
"794","Lime and Gypsum Products Manufacturing","Fabricacion de productos de cal y yeso","Manufactura"
"784","Wood Product Manufacturing","Fabricacion de productos de madera","Manufactura"
"779","Glass Product Manufacturing","Fabricacion de productos de vidrio","Manufactura"
"773","Clay and Refractory Products Manufacturing","Fabricacion de productos de arcilla e ignifugos","Manufactura"
"763","Rubber Products Manufacturing","Fabricacion de productos de caucho","Manufactura"
"743","Plastics and Rubber Product Manufacturing","Fabricacion de productos de caucho y plasticos","Manufactura"
"727","Soap and Cleaning Product Manufacturing","Fabricacion de jabones y otros articulos de limpieza","Salud"
"722","Paint, Coating, and Adhesive Manufacturing","Fabricacion de pinturas, revestimientos y adhesivos","Manufactura"
"709","Agricultural Chemical Manufacturing","Fabricacion de productos quimicos para agricultura","Agricultura"
"703","Artificial Rubber and Synthetic Fiber Manufacturing","Fabricacion de caucho artificial y fibras sinteticas","Manufactura"
"690","Chemical Raw Materials Manufacturing","Fabricacion de productos quimicos basicos","Manufactura"
"679","Oil and Coal Product Manufacturing","Fabricacion de productos de petroleo y carbon","Energia"
"625","Women's Handbag Manufacturing","Fabricacion de bolsos para mujer","Comercio y Logistica"
"622","Footwear Manufacturing","Fabricacion de calzado","Comercio y Logistica"
"616","Leather Product Manufacturing","Fabricacion de articulos de cuero","Comercio y Logistica"
"615","Fashion Accessories Manufacturing","Fabricacion de accesorios de moda","Comercio y Logistica"
"598","Apparel Manufacturing","Confeccion de prendas de vestir","Comercio y Logistica"
"564","Distilleries","Destilerias","Energia"
"562","Breweries","Cerveceras","Energia"
"529","Baked Goods Manufacturing","Fabricacion de productos horneados","Comercio y Logistica"
"528","Seafood Product Manufacturing","Fabricacion de productos de pescado","Agricultura"
"521","Meat Products Manufacturing","Fabricacion de productos carnicos","Agricultura"
"504","Fruit and Vegetable Preserves Manufacturing","Fabricacion de conservas de frutas y verduras","Agricultura"
"495","Sugar and Confectionery Product Manufacturing","Comercio al por mayor de azucar, chocolate y confiteria","Comercio y Logistica"
"481","Animal Feed Manufacturing","Fabricacion de pienso","Agricultura"
"460","Building Finishing Contractors","Contratistas para acabado de construcciones","Construccion e Infraestructura"
"453","Building Equipment Contractors","Contratistas de equipo para construccion","Construccion e Infraestructura"
"435","Specialty Trade Contractors","Contratistas especializados","Construccion e Infraestructura"
"431","Highway, Street, and Bridge Construction","Construccion de carreteras, calles y puentes","Construccion e Infraestructura"
"428","Subdivision of Land","Subdivision de terrenos","Construccion e Infraestructura"
"419","Utility System Construction","Construccion de estructuras de servicios publicos","Construccion e Infraestructura"
"413","Nonresidential Building Construction","Construccion de edificios no residenciales","Construccion e Infraestructura"
"408","Residential Building Construction","Construccion de edificios residenciales","Construccion e Infraestructura"
"406","Building Construction","Construccion de edificios","Construccion e Infraestructura"
"404","Steam and Air-Conditioning Supply","Suministro de vapor y aire acondicionado","Energia"
"400","Water Supply and Irrigation Systems","Sistemas de suministro de agua e irrigacion","Energia"
"398","Water, Waste, Steam, and Air Conditioning Services","Servicios de agua, residuos, vapor y aire acondicionado","Energia"
"397","Natural Gas Distribution","Distribucion de gas natural","Energia"
"390","Biomass Electric Power Generation","Generacion de energia electrica de biomasa","Energia"
"389","Geothermal Electric Power Generation","Generacion de energia electrica geotermica","Energia"
"387","Solar Electric Power Generation","Generacion de energia electrica solar","Energia"
"386","Nuclear Electric Power Generation","Generacion de energia electrica de origen nuclear","Energia"
"385","Fossil Fuel Electric Power Generation","Generacion de energia electrica de origen termico convencional","Energia"
"384","Hydroelectric Power Generation","Generacion de energia hidroelectrica","Energia"
"383","Electric Power Generation","Generacion de energia electrica","Energia"
"382","Electric Power Transmission, Control, and Distribution","Transmision, control y distribucion de energia electrica","Energia"
"356","Nonmetallic Mineral Mining","Extraccion de minerales no metalicos","Energia"
"341","Coal Mining","Mineria de carbon","Energia"
"332","Oil, Gas, and Mining","Petroleo, gas y mineria","Energia"
"298","Forestry and Logging","Silvicultura y actividades forestales","Agricultura"
"256","Ranching and Fisheries","Ganaderia y pesca","Agricultura"
"201","Farming, Ranching, Forestry","Agricultura","Agricultura"
"150","Horticulture","Horticultura","Agricultura"
"148","Government Relations Services","Servicio de relaciones gubernamentales","Servicios Financieros"
"147","Automation Machinery Manufacturing","Fabricacion de maquinaria de automatizacion","Manufactura"
"146","Packaging and Containers Manufacturing","Fabricacion de envases y embalajes","Manufactura"
"145","Glass, Ceramics and Concrete Manufacturing","Fabricacion de productos de vidrio, ceramica y cemento","Manufactura"
"144","Renewable Energy Semiconductor Manufacturing","Fabricacion de semiconductores de energias renovables","Energia"
"143","Retail Luxury Goods and Jewelry","Comercio al por menor de articulos de lujo y joyeria","Comercio y Logistica"
"142","Beverage Manufacturing","Fabricacion de bebidas","Manufactura"
"141","International Trade and Development","Desarrollo y comercio internacional","Comercio y Logistica"
"140","Graphic Design","Diseno grafico","Tecnologia de la Informacion y Comunicaciones (TIC)"
"139","Mental Health Care","Atencion a la salud mental","Salud"
"138","Retail Office Equipment","Comercio al por menor de equipos de oficina","Comercio y Logistica"
"137","Human Resources Services","Servicios de recursos humanos","Servicios Financieros"
"136","Photography","Fotografia","Comercio y Logistica"
"135","Industrial Machinery Manufacturing","Fabricacion de maquinaria industrial","Manufactura"
"134","Wholesale Import and Export","Importacion y exportacion al por mayor","Comercio y Logistica"
"133","Wholesale","Comercio al por mayor","Comercio y Logistica"
"132","E-Learning Providers","Proveedores de e-learning","Educacion"
"131","Philanthropic Fundraising Services","Servicios de recaudacion de fondos filantropicos","Servicios Financieros"
"130","Think Tanks","Laboratorios de ideas (Think Tanks)","Educacion"
"129","Capital Markets","Mercados de capitales","Servicios Financieros"
"128","Leasing Non-residential Real Estate","Alquiler de bienes inmuebles no residenciales","Construccion e Infraestructura"
"127","Animation and Post-production","Animacion y postproduccion","Servicios Financieros"
"126","Media Production","Cine y grabacion de sonido","Entretenimiento"
"125","Alternative Medicine","Medicina alternativa","Salud"
"124","Wellness and Fitness Services","Servicios de bienestar y mantenimiento fisico","Salud"
"123","Outsourcing and Offshoring Consulting","Consultoria de externalizacion y deslocalizacion","Servicios Financieros"
"122","Facilities Services","Servicios de instalaciones","Construccion e Infraestructura"
"121","Security and Investigations","Seguridad e investigacion","Seguridad y Defensa"
"119","Wireless Services","Servicios inalambricos","Tecnologia de la Informacion y Comunicaciones (TIC)"
"118","Computer and Network Security","Seguridad de redes y sistemas informaticos","Tecnologia de la Informacion y Comunicaciones (TIC)"
"117","Plastics Manufacturing","Fabricacion de productos de plastico","Manufactura"
"116","Transportation, Logistics, Supply Chain and Storage","Transporte, logistica, cadena de suministro y almacenamiento","Comercio y Logistica"
"115","Musicians","Musicos","Servicios Culturales"
"114","Nanotechnology Research","Investigacion de nanotecnologia","Tecnologia de la Informacion y Comunicaciones (TIC)"
"113","Online Audio and Video Media","Medios de audio y video en linea","Servicios Culturales"
"112","Appliances, Electrical, and Electronics Manufacturing","Fabricacion de electrodomesticos y productos electricos y electronicos","Manufactura"
"111","Retail Art Supplies","Comercio al por menor de productos para bellas artes","Comercio y Logistica"
"110","Events Services","Servicios de eventos","Servicios Financieros"
"109","Computer Games","Videojuegos","Comercio y Logistica"
"108","Translation and Localization","Traduccion y localizacion","Servicios Financieros"
"107","Political Organizations","Organizaciones de caracter politico","Servicios Financieros"
"106","Venture Capital and Private Equity Principals","Entidades de capital riesgo y capital privado","Servicios Financieros"
"104","Staffing and Recruiting","Dotacion y seleccion de personal","Servicios Financieros"
"103","Writing and Editing","Redaccion y edicion","Servicios Financieros"
"102","Strategic Management Services","Servicios de gestion estrategica","Servicios Financieros"
"101","Fundraising","Recaudacion de fondos","Servicios Financieros"
"100","Non-profit Organizations","Organizaciones sin animo de lucro","Servicios Financieros"
"99","Design Services","Servicios de diseno","Tecnologia de la Informacion y Comunicaciones (TIC)"
"98","Public Relations and Communications Services","Servicios de relaciones publicas y comunicaciones","Servicios Financieros"
"97","Market Research","Investigacion de mercado","Servicios Financieros"
"96","IT Services and IT Consulting","Servicios y consultoria de TI","Tecnologia de la Informacion y Comunicaciones (TIC)"
"95","Maritime Transportation","Transporte maritimo","Comercio y Logistica"
"94","Airlines and Aviation","Aeronautica y aviacion","Comercio y Logistica"
"93","Warehousing and Storage","Deposito y almacenamiento","Comercio y Logistica"
"92","Truck Transportation","Transporte terrestre en camion","Comercio y Logistica"
"91","Consumer Services","Servicios al consumidor","Servicios Financieros"
"90","Civic and Social Organizations","Organizaciones comunitarias y sociales","Servicios Financieros"
"89","Religious Institutions","Instituciones religiosas","Servicios Financieros"
"88","Individual and Family Services","Servicios para el individuo y la familia","Salud"
"87","Freight and Package Transportation","Transporte de mercancias y paquetes","Comercio y Logistica"
"86","Environmental Services","Servicios medioambientales","Agricultura"
"85","Libraries","Bibliotecas","Educacion"
"84","Information Services","Servicios de informacion","Servicios Financieros"
"83","Printing Services","Servicios de impresion","Manufactura"
"82","Book and Periodical Publishing","Edicion de libros, periodicos y revistas","Educacion"
"80","Advertising Services","Servicios de publicidad","Comercio y Logistica"
"79","Public Policy Offices","Oficinas de politica publica","Servicios Financieros"
"78","Public Safety","Proteccion civil","Seguridad y Defensa"
"77","Law Enforcement","Fuerzas y cuerpos de seguridad","Seguridad y Defensa"
"76","Executive Offices","Oficinas ejecutivas","Servicios Financieros"
"75","Government Administration","Administracion publica","Servicios Financieros"
"74","International Affairs","Asuntos exteriores","Servicios Financieros"
"73","Administration of Justice","Administracion de justicia","Servicios Financieros"
"72","Legislative Offices","Oficinas legislativas","Servicios Financieros"
"71","Armed Forces","Fuerzas Armadas","Seguridad y Defensa"
"70","Research Services","Servicios de investigacion","Tecnologia de la Informacion y Comunicaciones (TIC)"
"69","Education Administration Programs","Programas de gestion educativa","Educacion"
"68","Higher Education","Ensenanza superior","Educacion"
"67","Primary and Secondary Education","Educacion primaria y secundaria","Educacion"
"66","Fisheries","Pesca","Agricultura"
"65","Dairy Product Manufacturing","Fabricacion de productos lacteos","Manufactura"
"64","Ranching","Ganaderia","Agricultura"
"63","Farming","Agricultura, ganaderia, ingenieria forestal","Agricultura"
"62","Railroad Equipment Manufacturing","Fabricacion de locomotoras y material ferroviario","Manufactura"
"61","Paper and Forest Product Manufacturing","Fabricacion de papel y productos forestales","Manufactura"
"60","Textile Manufacturing","Fabricacion de productos textiles","Manufactura"
"59","Utilities","Servicios publicos","Energia"
"58","Shipbuilding","Construccion naval","Construccion e Infraestructura"
"57","Oil and Gas","Petroleo y gas","Energia"
"56","Mining","Mineria","Energia"
"55","Machinery Manufacturing","Fabricacion de maquinaria","Manufactura"
"54","Chemical Manufacturing","Fabricacion de productos quimicos","Manufactura"
"53","Motor Vehicle Manufacturing","Fabricacion de vehiculos de motor","Manufactura"
"52","Aviation and Aerospace Component Manufacturing","Fabricacion de componentes aeroespaciales y de aviacion","Manufactura"
"51","Civil Engineering","Ingenieria civil","Construccion e Infraestructura"
"50","Architecture and Planning","Arquitectura y planificacion","Construccion e Infraestructura"
"49","Wholesale Building Materials","Comercio al por mayor de materiales de construccion","Construccion e Infraestructura"
"48","Construction","Construccion","Construccion e Infraestructura"
"47","Accounting","Contabilidad","Servicios Financieros"
"46","Investment Management","Gestion de inversiones","Servicios Financieros"
"45","Investment Banking","Banca de inversion","Servicios Financieros"
"44","Real Estate","Bienes inmuebles","Servicios Financieros"
"43","Financial Services","Servicios financieros","Servicios Financieros"
"42","Insurance","Seguros","Servicios Financieros"
"41","Banking","Banca","Servicios Financieros"
"40","Recreational Facilities","Instalaciones recreativas","Servicios Financieros"
"39","Performing Arts","Artes escenicas","Turismo y Hospitalidad"
"38","Artists and Writers","Artistas y escritores","Turismo y Hospitalidad"
"37","Museums, Historical Sites, and Zoos","Museos, sitios historicos y zoologicos","Turismo y Hospitalidad"
"36","Broadcast Media Production and Distribution","Produccion y distribucion audiovisual","Servicios Financieros"
"35","Movies, Videos, and Sound","Cine, video y sonido","Servicios Financieros"
"34","Food and Beverage Services","Servicios de alimentos y bebidas","Turismo y Hospitalidad"
"33","Spectator Sports","Espectaculos deportivos","Turismo y Hospitalidad"
"32","Restaurants","Restauracion","Turismo y Hospitalidad"
"31","Hospitality","Hosteleria","Turismo y Hospitalidad"
"29","Gambling Facilities and Casinos","Casinos y centros de apuestas","Turismo y Hospitalidad"
"28","Entertainment Providers","Proveedores de entretenimiento","Turismo y Hospitalidad"
"27","Retail","Comercio al por menor","Comercio y Logistica"
"26","Furniture and Home Furnishings Manufacturing","Fabricacion de muebles y articulos para el hogar","Manufactura"
"25","Manufacturing","Industria manufacturera","Manufactura"
"24","Computers and Electronics Manufacturing","Fabricacion de ordenadores, perifericos y articulos electronicos","Manufactura"
"23","Food and Beverage Manufacturing","Fabricacion de alimentos y bebidas","Manufactura"
"22","Retail Groceries","Comercio al por menor de comestibles","Comercio y Logistica"
"21","Tobacco Manufacturing","Fabricacion de tabaco","Manufactura"
"20","Sporting Goods Manufacturing","Fabricacion de articulos de deporte","Manufactura"
"19","Retail Apparel and Fashion","Comercio al por menor de prendas de vestir y moda","Comercio y Logistica"
"18","Personal Care Product Manufacturing","Fabricacion de productos de cuidado personal","Manufactura"
"17","Medical Equipment Manufacturing","Fabricacion de equipo medico","Salud"
"16","Veterinary Services","Servicios veterinarios","Salud"
"15","Pharmaceutical Manufacturing","Fabricacion de productos farmaceuticos","Salud"
"14","Hospitals and Health Care","Hospitales y atencion sanitaria","Salud"
"13","Medical Practices","Consultorios medicos","Salud"
"12","Biotechnology Research","Investigacion biotecnologica","Salud"
"11","Business Consulting and Services","Consultoria y servicios a empresas","Servicios Financieros"
"10","Legal Services","Servicios juridicos","Servicios Financieros"
"9","Law Practice","Despachos de abogados","Servicios Financieros"
"8","Telecommunications","Telecomunicaciones","Tecnologia de la Informacion y Comunicaciones (TIC)"
"7","Semiconductor Manufacturing","Fabricacion de semiconductores","Tecnologia de la Informacion y Comunicaciones (TIC)"
"6","Technology, Information and Internet","Tecnologia, informacion e internet","Tecnologia de la Informacion y Comunicaciones (TIC)"
"5","Computer Networking Products","Productos de redes informaticas","Tecnologia de la Informacion y Comunicaciones (TIC)"
"4","Software Development","Desarrollo de software","Tecnologia de la Informacion y Comunicaciones (TIC)"
"3","Computer Hardware Manufacturing","Fabricacion de equipos informaticos","Tecnologia de la Informacion y Comunicaciones (TIC)"
"1","Defense and Space Manufacturing","Fabricacion de productos de defensa y espacio","Seguridad y Defensa"
"1178","Wholesale Hardware, Plumbing, Heating Equipment","Comercio al por mayor de equipos de ferreteria, fontaneria y calefaccion","Manufactura"
"105","Professional Training and Coaching","Formacion profesional y coaching"," Educacion"
"2029","Language Schools","Escuelas de idiomas"," Educacion"
"2194","Hotels and Motels","Hoteles y moteles"," Turismo y Hospitalidad"
"1912","Administrative and Support Services","Servicios administrativos y auxiliares"," Servicios Financieros"
"1999","Education","Educacion"," Educacion"
