"id","nombre","resumen","telefono","tamano","ubicaciones","fundacion","sector","sitio_web","sede","especialidades","codigo_postal","ciudad","empleados","url"
1,"Prodigy Investigations (A Fraud Fighters Company)","",,"51-200 employees","{""1"": {""Direccion"": ""41 Madison Ave, New York, New York 10010, US""}, ""2"": {""Direccion"": ""2600 Michelson Dr, Irvine, California 92612, US""}, ""3"": {""Direccion"": ""Mission de San Javier 10643-400, Tijuana, B.C. 22010, MX""}, ""4"": {""Direccion"": ""Boulevard Costa Del Este 5a, Panama, Panama 011034, PA""}, ""5"": {""Direccion"": ""5605 N MacArthur Blvd, Dallas, Texas 75038, US""}, ""6"": {""Direccion"": ""1500 Market St, Philadelphia, Pennsylvania 19102, US""}, ""7"": {""Direccion"": ""Kansas City, Missouri, US""}, ""8"": {""Direccion"": ""Boise, Idaho, US""}, ""9"": {""Direccion"": ""Birmingham, Alabama, US""}, ""10"": {""Direccion"": ""Dallas, Texas, US""}, ""11"": {""Direccion"": ""Austin, Texas, US""}, ""12"": {""Direccion"": ""Des Moines, Iowa, US""}, ""13"": {""Direccion"": ""Portland, Oregon, US""}, ""14"": {""Direccion"": ""Seattle, Washington, US""}, ""15"": {""Direccion"": ""Phoenix, Arizona, US""}, ""16"": {""Direccion"": ""Denver, Colorado, US""}, ""17"": {""Direccion"": ""Atlanta, Georgia, US""}, ""18"": {""Direccion"": ""Jackson, Mississippi, US""}, ""19"": {""Direccion"": ""Columbus, Ohio, US""}, ""20"": {""Direccion"": ""San Francisco, California, US""}, ""21"": {""Direccion"": ""Sacramento, California, US""}, ""22"": {""Direccion"": ""Fresno, California, US""}, ""23"": {""Direccion"": ""San Diego, California, US""}, ""24"": {""Direccion"": ""Makati City, PH""}, ""25"": {""Direccion"": ""Casper, Wyoming, US""}, ""26"": {""Direccion"": ""Houston, Texas, US""}, ""27"": {""Direccion"": ""New Brunswick, New Jersey, US""}, ""28"": {""Direccion"": ""Anchorage, Alaska, US""}, ""29"": {""Direccion"": ""Omaha, Nebraska, US""}, ""30"": {""Direccion"": ""Indianapolis, Indiana, US""}, ""31"": {""Direccion"": ""Shelburne, Vermont, US""}, ""32"": {""Direccion"": ""Columbia, South Carolina, US""}, ""33"": {""Direccion"": ""Hartford, Conneticut, US""}, ""34"": {""Direccion"": ""Memphis, Tennessee, US""}, ""35"": {""Direccion"": ""Dover, Delaware, US""}, ""36"": {""Direccion"": ""Raleigh, North Carolina, US""}, ""37"": {""Direccion"": ""New Orleans, Lousiana, US""}, ""38"": {""Direccion"": ""Rogers, Arkansas, US""}, ""39"": {""Direccion"": ""Concord, New Hampshire, US""}, ""40"": {""Direccion"": ""Topeka, Kansas, US""}, ""41"": {""Direccion"": ""Oklahoma City, Oklahoma, US""}, ""42"": {""Direccion"": ""Charleston, West Virginia, US""}, ""43"": {""Direccion"": ""Pierre, South Dakota, US""}, ""44"": {""Direccion"": ""Bismarck, North Dakota, US""}, ""45"": {""Direccion"": ""Jacksonville, Florida, US""}, ""46"": {""Direccion"": ""El Paso, Texas, US""}, ""47"": {""Direccion"": ""Detroit, Michigan, US""}, ""48"": {""Direccion"": ""San Antonio, Texas, US""}, ""49"": {""Direccion"": ""Baltimore, Maryland, US""}}","1977","[""Insurance""]","[""https://www.factsnotfiction.com\n      \n\nExternal link for Prodigy Investigations (A Fraud Fighters Company)""]","[""New York, New York""]","[""Surveillance"","" Locates"","" AOE/COE"","" Background Checks"","" Social Media eDiscovery"","" Wellness Checks"","" Subrogation"","" Liability Claims"","" Disability Claims"","" Premium Fraud"","" Asset Searches"","" Locates"","" Trade Secret"","" Rapid Response Traffic Accident Investigations"","" Rapid Response Property Investigations"","" and Rapid Response Workers' Compensation Claims""]","{""1"": ""10010"", ""2"": ""92612"", ""3"": ""10643"", ""5"": ""75038"", ""6"": ""19102""}","Tijuana,  Baja California,  Mexico","[{""Nombre"": ""Larry Hoch"", ""Cargo"": ""President of Seaboard Adjustment Bureau, Inc."", ""Foto"": ""https://media.licdn.com/dms/image/v2/C4E03AQELsvo1y24nxQ/profile-displayphoto-shrink_100_100/profile-displayphoto-shrink_100_100/0/1518441090101?e=2147483647&v=beta&t=-vNYPkTmjh5vlSahikDlUj1oUtOmZyx0iOuVZuIDJR4"", ""Perfil"": ""https://www.linkedin.com/in/larry-hoch-b2772835?trk=org-employees""}, {""Nombre"": ""Timothy Ricker"", ""Cargo"": ""Sr. Fraud Investigator"", ""Foto"": ""https://media.licdn.com/dms/image/v2/C5603AQFgV2rGlX61Ag/profile-displayphoto-shrink_100_100/profile-displayphoto-shrink_100_100/0/1517393199343?e=2147483647&v=beta&t=Gx_DjatUqYxACnJdWMeQ2aMJKiMPsh2v3sXKs0sH4r4"", ""Perfil"": ""https://www.linkedin.com/in/timothy-ricker-0a315045?trk=org-employees""}, {""Nombre"": ""Todd Montgomery Gullett"", ""Cargo"": ""Surveillance Investigations serving risk managers & insurance professionals ‚ñ∫ Resolving fraud claims ‚ñ∫ AOE/COE ‚ñ∫ 51,000+ employers helped ‚ñ∫ 185,000+‚Ä¶"", ""Foto"": ""https://media.licdn.com/dms/image/v2/C5603AQG0o6MTScrBbA/profile-displayphoto-shrink_100_100/profile-displayphoto-shrink_100_100/0/1612681753975?e=2147483647&v=beta&t=n1vd8VBE2UWfUZBK-4OUT25LzeGxKmp8ao1LNrcqdw0"", ""Perfil"": ""https://www.linkedin.com/in/todd-montgomery-gullett-a393705b?trk=org-employees""}, {""Nombre"": ""Maryjean Blanila, MBA"", ""Cargo"": ""National Recruiter | Executive Secretary"", ""Foto"": ""https://media.licdn.com/dms/image/v2/D5603AQHI5ErqlXRJZw/profile-displayphoto-shrink_100_100/profile-displayphoto-shrink_100_100/0/1632404899902?e=2147483647&v=beta&t=_R8TeJHMJ3mTJm8hAQAcYUOgiVpssKcuA9SYf9G7rhs"", ""Perfil"": ""https://ph.linkedin.com/in/maryjean-blanila-mba-355563162?trk=org-employees""}]","https://www.linkedin.com/company/fraud-fighters/"
2,"Gilero, A Sanner Group Company","",,"51-200 employees","{""1"": {""Direccion"": ""4319 S Alston Ave, Durham, North Carolina 27713, US""}, ""2"": {""Direccion"": ""2520 Gateway Rd, Carlsbad, California 92009, US""}, ""3"": {""Direccion"": ""1623 W Fulton St, Chicago, Illinois 60612, US""}, ""4"": {""Direccion"": ""158 Credle St, Pittsboro, North Carolina 27312, US""}, ""5"": {""Direccion"": ""Paseo de la Reforma 8950-E1 Parque Industrial Vesta, Tijuana, 22180, MX""}}",,"[""Medical Equipment Manufacturing""]","[""https://www.gilero.com\n      \n\nExternal link for Gilero, A Sanner Group Company""]","[""Durham, North Carolina""]","[""Design & Development"","" Tooling"","" Testing"","" Regulatory"","" Manufacturing"","" and Commercialization Strategy""]","{""1"": ""27713"", ""2"": ""92009"", ""3"": ""60612"", ""4"": ""27312"", ""5"": ""22180""}","Tijuana,  Baja California,  Mexico","[{""Nombre"": ""Dave Scanlan"", ""Cargo"": ""Innovative Engineering  Leader | Product & Process Development | Runner | Helping organizations to solve problems and move forward"", ""Foto"": ""https://media.licdn.com/dms/image/v2/C4D03AQHU6bUvK7Zcqw/profile-displayphoto-shrink_100_100/profile-displayphoto-shrink_100_100/0/1639256768305?e=2147483647&v=beta&t=7UXmUfozh2bKjIZwGZu6ApgquHqz5btlm5I4V4XdIHY"", ""Perfil"": ""https://www.linkedin.com/in/dave-scanlan?trk=org-employees""}, {""Nombre"": ""Tricia (Grabfelder) Lucas, MBA"", ""Cargo"": ""HR Partner, GTM Recruiter, Community Builder, Career Coach, Startup Junkie, Outplacement Services, All things AI"", ""Foto"": ""https://media.licdn.com/dms/image/v2/C4E03AQEoL0EME6GODg/profile-displayphoto-shrink_100_100/profile-displayphoto-shrink_100_100/0/1540474786192?e=2147483647&v=beta&t=GjFkMMhiYuk1lCeUC9kkd94mqjdfQK9vM4g-ycntJvc"", ""Perfil"": ""https://www.linkedin.com/in/tricialucas?trk=org-employees""}, {""Nombre"": ""Ted Mosler"", ""Cargo"": ""a trusted design and manufacturing partner for medical and drug delivery devices"", ""Foto"": ""https://media.licdn.com/dms/image/v2/D4E03AQErPjHH66i-CQ/profile-displayphoto-shrink_100_100/profile-displayphoto-shrink_100_100/0/1728980480173?e=2147483647&v=beta&t=cLT-nKOhbboSkVNi80G9fBhEnzmDme9CSp_UVunC0BM"", ""Perfil"": ""https://www.linkedin.com/in/tedmosler?trk=org-employees""}, {""Nombre"": ""Clayton Roberts"", ""Cargo"": ""Vice President, Business Development at Gilero"", ""Foto"": ""https://media.licdn.com/dms/image/v2/C4E03AQGuBniffzDqAg/profile-displayphoto-shrink_100_100/profile-displayphoto-shrink_100_100/0/1565106176602?e=2147483647&v=beta&t=LU6gwESwsmwVEH8ZH5qzt0w7WGvJnkXTNqK1SJSlwRY"", ""Perfil"": ""https://www.linkedin.com/in/clayton-roberts-42677a2?trk=org-employees""}]","https://www.linkedin.com/company/gilero/"
3,"UNICEF M√©xico","",,"51-200 employees","{""1"": {""Direccion"": ""Mexico City, MX""}, ""2"": {""Direccion"": ""Tijuana, MX""}, ""3"": {""Direccion"": ""Tapachula, MX""}}","1946","[""Non-profit Organizations""]","[""https://www.unicef.org/mexico/\n      \n\nExternal link for UNICEF M√©xico""]","[""Mexico City""]","[""children¬¥s rights""]","{}","Tijuana,  Baja California,  Mexico","[{""Nombre"": ""Graciela Raya Giorguli"", ""Cargo"": ""Oficial en Nutrici√≥n"", ""Foto"": ""https://media.licdn.com/dms/image/v2/C5603AQFjpug1DfWXCw/profile-displayphoto-shrink_100_100/profile-displayphoto-shrink_100_100/0/1595366622757?e=2147483647&v=beta&t=PB8k2PF1kQ0b1Z4DJX_jRlbww_kuAw5eG7Clcl4Fdjo"", ""Perfil"": ""https://mx.linkedin.com/in/graciela-raya-giorguli-96418713?trk=org-employees""}, {""Nombre"": ""June Pomposo Angulo"", ""Cargo"": ""Gender & GBV Consultant | NGOs & UNICEF"", ""Foto"": ""https://media.licdn.com/dms/image/v2/C4E03AQH1upMe1j_Nxw/profile-displayphoto-shrink_100_100/profile-displayphoto-shrink_100_100/0/1568903904266?e=2147483647&v=beta&t=vMd0NHfJ14J4db4AGtyLXs9JuHUz0MCSdQkiCVztlfU"", ""Perfil"": ""https://es.linkedin.com/in/junepomposo?trk=org-employees""}, {""Nombre"": ""Ang√©lica Vergara Toache"", ""Cargo"": ""Digital Communicaton Officer at UNICEF M√©xico"", ""Foto"": ""https://media.licdn.com/dms/image/v2/D4E03AQGS_qlaIowwKg/profile-displayphoto-shrink_100_100/profile-displayphoto-shrink_100_100/0/1730254823817?e=2147483647&v=beta&t=CC0aKwfXr4RkcAodBLTilvLqXHa3Y1h_x7_1TYgNZ2g"", ""Perfil"": ""https://mx.linkedin.com/in/angievtoache?trk=org-employees""}, {""Nombre"": ""Gerardo Garcia Marcano"", ""Cargo"": ""Compromiso Comunitario. Cambio Social y de Comportamiento (SBC), Soci√≥logo, M√°ster Coach y Facilitador"", ""Foto"": ""https://media.licdn.com/dms/image/v2/D4E03AQEqesql6ql8cA/profile-displayphoto-shrink_100_100/B4EZWVfwWXGYAU-/0/1741969884890?e=2147483647&v=beta&t=T-lLiRiUD-AChaZbQ1kuAVZP7TWGWJoM5UvO4AAc9c4"", ""Perfil"": ""https://ve.linkedin.com/in/gerardo-garcia-marcano-02260417?trk=org-employees""}]","https://www.linkedin.com/company/unicefmexico/"
4,"Creative Software International","",,"51-200 employees","{""1"": {""Direccion"": ""San Diego, California 92101, US""}, ""2"": {""Direccion"": ""Tijuana, Baja California 22055, MX""}}","2001","[""Information Technology & Services""]","[""https://www.creativesoftware.mx/\n      \n\nExternal link for Creative Software International""]","[""San Diego, California""]","[]","{""1"": ""92101"", ""2"": ""22055""}","Tijuana,  Baja California,  Mexico","[{""Nombre"": ""Walter A. Weiss"", ""Cargo"": ""CEO, ArteDigital"", ""Foto"": ""https://media.licdn.com/dms/image/v2/C4E03AQF1VKjLM3ncFA/profile-displayphoto-shrink_100_100/profile-displayphoto-shrink_100_100/0/1516160445114?e=2147483647&v=beta&t=v3P8z5QzFtqISn4B7FJ0Q4q1Hm6OaXAYsBc-4DD6w3s"", ""Perfil"": ""https://www.linkedin.com/in/waweiss?trk=org-employees""}, {""Nombre"": ""Oscar Salazar L√≥pez"", ""Cargo"": ""Senior Lead Software Engineer en ArteDigital Technology Studio"", ""Foto"": ""https://media.licdn.com/dms/image/v2/C5103AQFuK8WSGIm05w/profile-displayphoto-shrink_100_100/profile-displayphoto-shrink_100_100/0/1516717586490?e=2147483647&v=beta&t=l--7riTIqv50VJEQwgum2Yx7QI0LuOwPveQNv-FMpLE"", ""Perfil"": ""https://mx.linkedin.com/in/oscar-salazar-l%C3%B3pez-a8103254?trk=org-employees""}, {""Nombre"": ""Alonso Gonz√°lez Mart√≠nez"", ""Cargo"": ""Rendering Engineer and Game dev"", ""Foto"": ""https://media.licdn.com/dms/image/v2/C5603AQFdFPnHyq_JTA/profile-displayphoto-shrink_100_100/profile-displayphoto-shrink_100_100/0/1613514322726?e=2147483647&v=beta&t=HVkim0AjnEC0HFW6yBimIkqDqa7Q64Qwjp5B_AO46c8"", ""Perfil"": ""https://mx.linkedin.com/in/alonso-gonz%C3%A1lez-mart%C3%ADnez-a2074b61?trk=org-employees""}, {""Nombre"": ""Carlos Garc√≠a V."", ""Cargo"": ""IT Support - DevOps - Server and Network Manager en CreativeSoftwareMX"", ""Foto"": ""https://media.licdn.com/dms/image/v2/D5603AQGOgSXqciRUJg/profile-displayphoto-shrink_100_100/profile-displayphoto-shrink_100_100/0/1687202127426?e=2147483647&v=beta&t=OhGiSHiOME_EH4QmG3IvGF_74gpvZbgseHXCrhBdrKw"", ""Perfil"": ""https://mx.linkedin.com/in/carlos-garcia-valles?trk=org-employees""}]","https://www.linkedin.com/company/creative-software-international/"
5,"Labormex LLC","",,"51-200 employees","{""1"": {""Direccion"": ""Austin, Texas 78733, US""}, ""2"": {""Direccion"": ""Monterrey, NL 66196, MX""}, ""3"": {""Direccion"": ""Tijuana, Baja California 22476, MX""}, ""4"": {""Direccion"": ""Nogales, Sonora 84000, MX""}, ""5"": {""Direccion"": ""Ciudad Mante, Tamaulipas 89800, MX""}, ""6"": {""Direccion"": ""Villahermosa, Tabasco 86000, MX""}}","2004","[""Staffing and Recruiting""]","[""http://www.labormex.com/\n      \n\nExternal link for Labormex LLC""]","[""Austin, Texas""]","[""Foreign Labor"","" Logistics"","" H2 Visa Support"","" recruitment"","" Facilitating Services"","" TN Visas"","" Software"","" Real-time data"","" and onboarding services""]","{""1"": ""78733"", ""2"": ""66196"", ""3"": ""22476"", ""4"": ""84000"", ""5"": ""89800"", ""6"": ""86000""}","Tijuana,  Baja California,  Mexico","[{""Nombre"": ""Larissa Bosch Paullada"", ""Cargo"": ""Inclusive and Sustainable Growth Consultant, Co-Founder at E-motions"", ""Foto"": ""https://media.licdn.com/dms/image/v2/C5603AQFNpe9WZgQIQg/profile-displayphoto-shrink_100_100/profile-displayphoto-shrink_100_100/0/1516440979259?e=2147483647&v=beta&t=K7T4LT8b4O6lCF8PSy6z6jIewuRNyW33eUWwuuytBd8"", ""Perfil"": ""https://mx.linkedin.com/in/larissa-bosch-paullada-70417a30?trk=org-employees""}, {""Nombre"": ""Lydia Hock"", ""Cargo"": ""Founder at Labormex LLC"", ""Foto"": ""https://media.licdn.com/dms/image/v2/C4D03AQHkwSCvi5D4ZQ/profile-displayphoto-shrink_100_100/profile-displayphoto-shrink_100_100/0/1643731697259?e=2147483647&v=beta&t=8cnJk_BG0UpLo0dS740MBBcZNwILKbOqGqMq30PRrTc"", ""Perfil"": ""https://www.linkedin.com/in/lydia-hock-840a90130?trk=org-employees""}, {""Nombre"": ""Eliany Goudet"", ""Cargo"": ""Data Analyst | Antifraud analyst | Data Entry"", ""Foto"": ""https://media.licdn.com/dms/image/v2/D4D03AQFFPovba8JhCA/profile-displayphoto-shrink_100_100/profile-displayphoto-shrink_100_100/0/1675181369099?e=2147483647&v=beta&t=CaNHlv8rM4-ThaxdACVgTB5Y-sFLeQ8TqEAkWAAIdIU"", ""Perfil"": ""https://ar.linkedin.com/in/eliany-goudet?trk=org-employees""}, {""Nombre"": ""Asael Jaime Martinez"", ""Cargo"": ""Ingeniero en Sistemas Computacionales"", ""Foto"": ""https://media.licdn.com/dms/image/v2/C5603AQHaKviCzGximg/profile-displayphoto-shrink_100_100/profile-displayphoto-shrink_100_100/0/1559850919853?e=2147483647&v=beta&t=1qdPDQ0gA4O6J0affr6mgd0c03awBS9M0heoGesy_CE"", ""Perfil"": ""https://mx.linkedin.com/in/asael-jaime-martinez-a234aa163?trk=org-employees""}]","https://www.linkedin.com/company/labormex-inc/"
6,"Interplex OCP","",,"51-200 employees","{""1"": {""Direccion"": ""7130 Engineer Road, San Diego, CA 92111, US""}, ""2"": {""Direccion"": ""Privada La Palma, No. 16680 Int. 28-A, Tijuana, Baja California 22120, MX""}, ""3"": {""Direccion"": ""1940 Petra Ln, Placentia, California 92870, US""}, ""4"": {""Direccion"": ""Feier Street, Huang Jiang Town, No. 8, DongGuan, Guang Dong PRC, CN""}}","1989","[""Manufacturing""]","[""http://www.ocp.com\n      \n\nExternal link for Interplex OCP""]","[""San Diego, CA""]","[""Custom Molded Cables"","" Telematic Cables"","" USB"","" Servers and Storage"","" Bulk Cables"","" Networking Cables"","" Panel Mount Cables"","" Wire Harnesseses"","" Medical Cables"","" Audio Video Cables"","" Flat Flex Cables"","" OEM Cables"","" and Assembly Manufacturing""]","{""1"": ""92111"", ""2"": ""16680"", ""3"": ""92870""}","Tijuana,  Baja California,  Mexico","[{""Nombre"": ""Meryem Bouabid"", ""Cargo"": ""Project manager health and education  at OCP"", ""Foto"": ""https://media.licdn.com/dms/image/v2/C4E03AQHGoMi5l2foRQ/profile-displayphoto-shrink_100_100/profile-displayphoto-shrink_100_100/0/1517725054139?e=2147483647&v=beta&t=3P01dOPMgny-5z7xTlqqpkkyEIVq1k14K2nrhVVdFFs"", ""Perfil"": ""https://ma.linkedin.com/in/meryem-bouabid-4160625?trk=org-employees""}, {""Nombre"": ""Nancy Pearson"", ""Cargo"": ""Sales Account Manager at OCP Group, Inc."", ""Foto"": ""https://media.licdn.com/dms/image/v2/C4E03AQGfKtQTJTeslA/profile-displayphoto-shrink_100_100/profile-displayphoto-shrink_100_100/0/1537211225819?e=2147483647&v=beta&t=u2pdHoUDJRSZUNqRt-woh-zyb1qWxSu9EpXsleHD-Co"", ""Perfil"": ""https://www.linkedin.com/in/nancy-pearson-b8331414?trk=org-employees""}, {""Nombre"": ""Julissa Mendoza"", ""Cargo"": ""Strong knowledge of production planning, domestic and international purchasing, outsourcing, inventory control, customs and logistics. Experience in‚Ä¶"", ""Foto"": ""https://media.licdn.com/dms/image/v2/C5603AQEVoFeYkofbwA/profile-displayphoto-shrink_100_100/profile-displayphoto-shrink_100_100/0/1623027832543?e=2147483647&v=beta&t=oTWrEd_yJDOqZs6KOna4x7hgdJ4SqHrp6ufznMw9zxM"", ""Perfil"": ""https://www.linkedin.com/in/julissa-mendoza-a7b8b314?trk=org-employees""}, {""Nombre"": ""Treacy Sommer"", ""Cargo"": ""Founder of OCP Group Inc"", ""Foto"": ""https://media.licdn.com/dms/image/v2/D5603AQEgZCpmyK4ikQ/profile-displayphoto-shrink_100_100/B56ZTYCpcZHsAU-/0/1738791360558?e=2147483647&v=beta&t=dJojtZGoz5sSO0NMFuvdcfiTL-o-47isA44sUZZVEkk"", ""Perfil"": ""https://www.linkedin.com/in/treacy-sommer-b1434526?trk=org-employees""}]","https://www.linkedin.com/company/ocpinterplex/"
7,"AVIXA en Espa√±ol","",,"51-200 employees","{""1"": {""Direccion"": ""3,739 followers, En el dise√±o arquitect√≥nico actual, la tecnolog√≠a audiovisual ha dejado de ser un simple complemento para convertirse en un elemento clave que mejora tanto la funcionalidad como la experiencia del usuario en los espacios. \n\nLa integraci√≥n de soluciones AV en edificios no solo embellece los ambientes, sino que tambi√©n los hace m√°s inteligentes y eficientes. Soluciones como pantallas interactivas, sistemas de automatizaci√≥n de luces y sonido, y audio inmersivo est√°n revolucionando la forma en que se dise√±an y viven los espacios. \n\nRaissa Fornasier Slomski, arquitecta de la empresa brasile√±a On Proje√ß√µes, nos comparte sus impresiones al respecto.\n\nLee el art√≠culo completo aqu√≠.https://lnkd.in/gi5HWDsx""}, ""2"": {""Direccion"": ""AVIXA en Espa√±olreposted this, 52,713 followers, Who needs a cape when you‚Äôve got flawless connectivity? Meet the AVIXA Mini Action Figure‚Äîcompact, cool, and powered by pro AV excellence.\n\n\n\n\nPowered by ChatGpt | AI""}, ""3"": {""Direccion"": ""3,739 followers, Adem√°s de la exhibici√≥n de soluciones por parte de las empresas expositoras, la feriaInfoComm(Junio 11-13, Orlando) ofrecer√° un programa completo de sesiones, talleres y visitas guiadas para mostrar c√≥mo las instituciones educativas y corporativas adoptan la tecnolog√≠a AV para mejorar la ense√±anza y la formaci√≥n. ¬øQuieres conocer m√°s de esta feria tecnol√≥gica organizada porAVIXA? Te invitamos a leer la nota publicada enDigital AV Magazine.#infocomm#avixa#infocommamericalatina#av#integracionavhttps://lnkd.in/dHP24mEW""}, ""4"": {""Direccion"": ""3,739 followers, La revista especializada en eventos y reunionesMDC The Event Planner's Magazineha publicado una muy buena infograf√≠a sobre el estado de la industria de integraci√≥n audiovisual, relacionada a la pr√≥xima feriaInfoComm Am√©rica Latina. Tanto los event planners, como las empresas productoras de eventos y los recintos (hoteles, centros de congresos y convenciones) forman parte de los usuarios clave que dan vida al mundo audiovisual. \n\nGracias a la periodistaAnah√≠ Medrano Granadospor la cobertura de nuestra informaci√≥n. Los invitamos a leer m√°s deAVIXA,InfoCommy de la industria de los eventos en el sitio de la revistahttps://lnkd.in/e8C47Ny6#eventos#congresos#eventplanner""}, ""5"": {""Direccion"": ""3,739 followers, Juan Carlos Guti√©rrez Giraldo, CTS, CSP, nos comenta la importancia que tuvo la aplicaci√≥n de los est√°ndares#AVIXAen el desarrollo del Centro de Simulaci√≥n de laPontificia Universidad Javeriana.\n\nüí° Gracias a estos est√°ndares, el equipo pudo asegurar una experiencia audiovisual coherente, precisa y alineada con los objetivos pedag√≥gicos del proyecto. \n\nEste caso es un ejemplo claro de c√≥mo la estandarizaci√≥n no limita la creatividad, sino que potencia los resultados en proyectos AV complejos.\n\nPuedes conocer m√°s de los est√°ndares aqu√≠:https://lnkd.in/gGwiDGkC""}, ""6"": {""Direccion"": ""3,739 followers, El pasado 26 de marzo de 2025 se llev√≥ a cabo el webinar titulado \""Hablemos sobre la producci√≥n de eventos en vivo\"", en el cual expertos de la industria compartieron sus conocimientos sobre los retos y avances tecnol√≥gicos en este campo.  \n\nPresentado porAna Mar√≠a Restrepo Franco, Regional Manager de AVIXA para la Regi√≥n Andina y Centro-Sur de Am√©rica, el evento reuni√≥ a un panel de destacados profesionales, incluyendo aPaula Brecci, gerente senior de ventas deVizrt, como moderadora, y expertos como#RicardoMartin, gerente regional de ventas para Am√©rica Latina y el Caribe deTechex;Adrian Bazan, arquitecto de soluciones de Techex, yDiego Pantoni, soporte t√©cnico y preventa de Techex.  \n\nDestacamos los puntos m√°s importantes en el siguiente art√≠culo:https://lnkd.in/ekdRJadE""}, ""7"": {""Direccion"": ""3,739 followers, Ad√©ntrate en el futuro de las exposiciones, donde el arte cobra vida a trav√©s de la interacci√≥n y el juego. ¬øC√≥mo puede la industria audiovisual profesional seguir mejorando estas experiencias?\n\nElaborado por: @roelofknol""}, ""8"": {""Direccion"": ""AVIXA en Espa√±olreposted this, 3,739 followers, En laPontificia Universidad Javeriana, la innovaci√≥n se vive en cada rinc√≥n de su nuevo Centro de Simulaci√≥n.\n\nLeonar Giovanni Aguiar Mart√≠nez, Director del Centro de Simulaci√≥n cl√≠nica nos comparte c√≥mo este espacio, potenciado con soluciones audiovisuales de √∫ltima generaci√≥n, est√° transformando la forma de ense√±ar y aprender.\n\nüí¨ ‚Äú...entre m√°s realistas sean los centros de simulaci√≥n y las √°reas de entrenamiento se parezcan m√°s al √°mbito real, esto ayuda ergon√≥micamente a las personas a tener un aprendizaje m√°s f√°cil...‚Äù\n\nUna muestra clara de c√≥mo la educaci√≥n evoluciona cuando la tecnolog√≠a se pone al servicio del conocimiento.""}, ""9"": {""Direccion"": ""3,739 followers, En laPontificia Universidad Javeriana, la innovaci√≥n se vive en cada rinc√≥n de su nuevo Centro de Simulaci√≥n.\n\nLeonar Giovanni Aguiar Mart√≠nez, Director del Centro de Simulaci√≥n cl√≠nica nos comparte c√≥mo este espacio, potenciado con soluciones audiovisuales de √∫ltima generaci√≥n, est√° transformando la forma de ense√±ar y aprender.\n\nüí¨ ‚Äú...entre m√°s realistas sean los centros de simulaci√≥n y las √°reas de entrenamiento se parezcan m√°s al √°mbito real, esto ayuda ergon√≥micamente a las personas a tener un aprendizaje m√°s f√°cil...‚Äù\n\nUna muestra clara de c√≥mo la educaci√≥n evoluciona cuando la tecnolog√≠a se pone al servicio del conocimiento.""}, ""10"": {""Direccion"": ""3,739 followers, Descubre las tendencias tecnol√≥gicas que est√°n transformando el sector del broadcast en nuestra regi√≥n. \n\nEn este webinar, tendr√°S la oportunidad de profundizar en un an√°lisis sobre c√≥mo la digitalizaci√≥n est√° optimizando procesos y modernizando infraestructuras tecnol√≥gicas. Obt√©n valiosas ideas sobre c√≥mo implementar soluciones innovadoras de manera eficaz en el contexto actual del sector. \n\nReg√≠strate hoy:https://lnkd.in/gmDgm4FWSergio Enrique Gaitan Serrano, CTS, DTCP|Miguel Churruca|Jorge Sobenes""}}",,"[""Non-profit Organizations""]","[""http://www.avixa.org/es\n      \n\nExternal link for AVIXA en Espa√±ol""]","[""Fairfax, Virginia""]","[]","{}","Tijuana,  Baja California,  Mexico","null","https://www.linkedin.com/company/avixa-avixaespanol/"
8,"Bazz Houston International","",,"51-200 employees","{""1"": {""Direccion"": ""12700 Western Avenue, Garden Grove, California 92841, US""}, ""2"": {""Direccion"": ""Paseo de la Reforma 8950 Edif C2, Parque Vesta, La Mesa, Tijuana, B.C. 22116, MX""}}","1961","[""Industrial Machinery Manufacturing""]","[""http://www.bhisolutions.com\n      \n\nExternal link for Bazz Houston International""]","[""Garden Grove, California""]","[""INDUSTRIES SERVED: AEROSPACE"","" AUTOMOTIVE"","" COMPUTERS"","" DEFENSE"","" ELECTRONICS"","" HARDWARE"","" IRRIGATION"","" MEDICAL EQUIPMENT & DEVICES"","" RECREATION"","" TELECOMMUNICATIONS""]","{""1"": ""12700"", ""2"": ""22116""}","Tijuana,  Baja California,  Mexico","[{""Nombre"": ""Eric Pham"", ""Cargo"": ""Senior Buyer at Bazz Houston"", ""Foto"": ""https://media.licdn.com/dms/image/v2/C5603AQEtc2CyzDoTRw/profile-displayphoto-shrink_100_100/profile-displayphoto-shrink_100_100/0/1517769725144?e=2147483647&v=beta&t=dSJwjolKFGggQj6fr02c1Z3Gmdd3yRsmP7oCKuBJnV8"", ""Perfil"": ""https://www.linkedin.com/in/eric-pham-00694911?trk=org-employees""}, {""Nombre"": ""Frank Ramirez"", ""Cargo"": ""Engineering Manager at BHI Manufacturing Solutions"", ""Foto"": ""https://media.licdn.com/dms/image/v2/C4D03AQGU3b4vysj56g/profile-displayphoto-shrink_100_100/profile-displayphoto-shrink_100_100/0/1516586082622?e=2147483647&v=beta&t=It5TbumThQl421V1AyDMIDBCapO6i9Tge91DYmmI1L4"", ""Perfil"": ""https://www.linkedin.com/in/frank-ramirez-07238b16?trk=org-employees""}, {""Nombre"": ""Jacqueline Castro"", ""Cargo"": ""Paralegal and Marketing Coordinator"", ""Foto"": ""https://media.licdn.com/dms/image/v2/D5603AQGgZHZHCpsnTA/profile-displayphoto-shrink_100_100/profile-displayphoto-shrink_100_100/0/1726853551167?e=2147483647&v=beta&t=5ABecW-7SsGwMVX-4NAKSpCPckNaAkPzv-_0FDagcJc"", ""Perfil"": ""https://www.linkedin.com/in/jacqueline-castro-b5163821?trk=org-employees""}, {""Nombre"": ""Patricia Houston"", ""Cargo"": ""Marketing Director at Bazz Houston"", ""Foto"": ""https://media.licdn.com/dms/image/v2/C4D03AQHNPg3xmX4v8A/profile-displayphoto-shrink_100_100/profile-displayphoto-shrink_100_100/0/1517279555457?e=2147483647&v=beta&t=BGlMBPxi7t8V29s4-YM4pp_F4-Sl1j-hNuG8ukKmN9Y"", ""Perfil"": ""https://www.linkedin.com/in/patricia-houston-47677225?trk=org-employees""}]","https://www.linkedin.com/company/bazz-houston/"
9,"MOS Plastics","",,"51-200 employees","{""1"": {""Direccion"": ""2308 Zanker Rd, San Jose, California 95131, US""}, ""2"": {""Direccion"": ""Blvd. Hector Teran Teran 20662 Modulo D Murua Oriente, Tijuana, MX""}}","1974","[""Plastics Manufacturing""]","[""https://www.ksplastic.com/\n      \n\nExternal link for MOS Plastics""]","[""San Jose, California""]","[""Injection Molding"","" Tooling"","" Medical Device Mnufacturing"","" Prototypes"","" Assembly"","" and Contract Manufacturing""]","{""1"": ""95131"", ""2"": ""20662""}","Tijuana,  Baja California,  Mexico","[{""Nombre"": ""Judy Louie"", ""Cargo"": ""Executive Assistant at MOS Plastics"", ""Foto"": ""https://media.licdn.com/dms/image/v2/C4D03AQEnpnKwE1TN7g/profile-displayphoto-shrink_100_100/profile-displayphoto-shrink_100_100/0/1517619434118?e=2147483647&v=beta&t=plrEsGEmyDsjG18rckUI5ko4qjM_r2G9DuXgFhQq8mQ"", ""Perfil"": ""https://www.linkedin.com/in/judy-louie-651a8b2a?trk=org-employees""}, {""Nombre"": ""CAMILO DIAZ"", ""Cargo"": ""ADMINISTRADOR DE EMPRESAS en POLITECNICO GRANCOLOMBIANO"", ""Foto"": ""https://media.licdn.com/dms/image/v2/C4D03AQFGkH6InxxsNg/profile-displayphoto-shrink_100_100/profile-displayphoto-shrink_100_100/0/1588353738213?e=2147483647&v=beta&t=L-52yUzhwK3lrtf7C2VnZcWt-Lf2-RYoljVRhZ61QCk"", ""Perfil"": ""https://www.linkedin.com/in/camilo-diaz-93b30a2b?trk=org-employees""}, {""Nombre"": ""Ian Mackey"", ""Cargo"": ""Process Engineer at MOS Plastics"", ""Foto"": ""https://media.licdn.com/dms/image/v2/C5603AQEjtnlecHU3VQ/profile-displayphoto-shrink_100_100/profile-displayphoto-shrink_100_100/0/1536629142755?e=2147483647&v=beta&t=8gx7UvsaBVESts2aZfvTKTfd3S6LEPyHdKJZozLc4Yw"", ""Perfil"": ""https://www.linkedin.com/in/ian-mackey-1560033a?trk=org-employees""}, {""Nombre"": ""Seyed Tahaei"", ""Cargo"": ""injection plastic"", ""Foto"": ""https://media.licdn.com/dms/image/v2/C5603AQFZcqzKpxdxLQ/profile-displayphoto-shrink_100_100/profile-displayphoto-shrink_100_100/0/1633828837310?e=2147483647&v=beta&t=vTmUFPn5Fd4q9bbv1GXGLh3Winlzy1RnkhpHMMkzcKM"", ""Perfil"": ""https://www.linkedin.com/in/seyed-tahaei-3914b947?trk=org-employees""}]","https://www.linkedin.com/company/mos-plastics/"
10,"Cacheaux Cavazos & Newton","",,"51-200 employees","{""1"": {""Direccion"": ""333 Convent Street, San Antonio, Texas 78205, US""}, ""2"": {""Direccion"": ""2600 Via Fortuna Drive - Building 1, Suite 410, Austin, Texas  78746, US""}, ""3"": {""Direccion"": ""Boulevard Tom√°s Fern√°ndez No. 7930, Edificio A, Suite 20, Ciudad Juarez, Chihuahua 32460, MX""}, ""4"": {""Direccion"": ""Calle Ignacio Herrera y Cairo 2835, Fraccionamiento Terranova, Piso 3, Guadalajara, Jalisco 44689, MX""}, ""5"": {""Direccion"": ""Honduras No.144 Altos, Colonia Modelo, Matamoros, Tamaulipas 87360, MX""}, ""6"": {""Direccion"": ""1401 N. Main Street, McAllen, Texas 78501, US""}, ""7"": {""Direccion"": ""Avenida Tecamachalco No. 14, Piso 5, Mexico City, Mexico City 11010, MX""}, ""8"": {""Direccion"": ""David Alfaro Siqueiros No. 104, Colonia Valle Oriente, San Pedro Garza Garcia, Nuevo Leon 66278, MX""}, ""9"": {""Direccion"": ""Avenida Colinas del Cimatario No. 437, Col. Colinas del Cimatario, Queretaro, Queretaro 76090, MX""}, ""10"": {""Direccion"": ""Boulevard Los Leones Suite 318, Reynosa, Tamaulipas 88690, MX""}, ""11"": {""Direccion"": ""Blvd. Agua Caliente No. 10611-1001, Col. Aviaci√≥n, Tijuana, Baja California 22420, MX""}}","1994","[""Law Practice""]","[""https://ccn-law.com/es/inicio/\n      \n\nExternal link for Cacheaux Cavazos & Newton""]","[""San Antonio, Texas""]","[]","{""1"": ""78205"", ""2"": ""78746"", ""3"": ""32460"", ""4"": ""44689"", ""5"": ""87360"", ""6"": ""78501"", ""7"": ""11010"", ""8"": ""66278"", ""9"": ""76090"", ""10"": ""88690"", ""11"": ""10611""}","Tijuana,  Baja California,  Mexico","[{""Nombre"": ""Robert  E. Craig"", ""Cargo"": ""US Customs Broker at Cacheaux, Cavazos & Newton, L.L. P. and international Busines Specialist"", ""Foto"": ""https://media.licdn.com/dms/image/v2/C4D03AQHfpsMNPkpiNw/profile-displayphoto-shrink_100_100/profile-displayphoto-shrink_100_100/0/1516271281718?e=2147483647&v=beta&t=3GlDHDiobRP65BoUDRebFkEA-DbLhxLJK8-UV29x3_c"", ""Perfil"": ""https://www.linkedin.com/in/robert-e-craig-585aa8?trk=org-employees""}, {""Nombre"": ""Mario Melgar"", ""Cargo"": ""Partner at Cacheaux Cavazos & Newton"", ""Foto"": ""https://media.licdn.com/dms/image/v2/D5603AQH4iW_G1WEaPA/profile-displayphoto-shrink_100_100/profile-displayphoto-shrink_100_100/0/1687463207159?e=2147483647&v=beta&t=zCJ-LR14agEz0au3LyYwc8dBEdUY_eEHGdbSiMWZ0TM"", ""Perfil"": ""https://www.linkedin.com/in/mariomelgar?trk=org-employees""}, {""Nombre"": ""Marissa Sandoval Rodriguez"", ""Cargo"": ""Experienced Business Lawyer - International Business, Contracts, Corporate, M&A, Real Estate, Estate Planning and Probate Law. I help clients plan‚Ä¶"", ""Foto"": ""https://media.licdn.com/dms/image/v2/D5603AQG2R5AkIwF4rA/profile-displayphoto-shrink_100_100/B56ZRg17lTHoAU-/0/1736791538450?e=2147483647&v=beta&t=bt63wWkdIGvx0FejnFYEws5nDDgnk9av-kdbJHoSHz0"", ""Perfil"": ""https://www.linkedin.com/in/marissasandoval?trk=org-employees""}, {""Nombre"": ""Francisco J. Pe√±a-Vald√©s MDL"", ""Cargo"": ""Partner Cacheaux Cavazos & Newton| Labor Law Master| Co-Director Labor & Employment Practice| Speaker| LATAM & ESG Professional| Nearshoring‚Ä¶"", ""Foto"": ""https://media.licdn.com/dms/image/v2/D5603AQHXtL9ka4aqSg/profile-displayphoto-shrink_100_100/profile-displayphoto-shrink_100_100/0/1705247221945?e=2147483647&v=beta&t=7kKuYENXsf-K6vSWq0RcbFU7ABPAmsItpJgquxg6_kU"", ""Perfil"": ""https://www.linkedin.com/in/francisco-j-pe%C3%B1a-vald%C3%A9s-mdl-69633b8?trk=org-employees""}]","https://www.linkedin.com/company/cacheaux-cavazos-&-newton/"
11,"Craftech","",,"51-200 employees","{""1"": {""Direccion"": ""2941 East La Jolla, Anaheim, California 92806, US""}, ""2"": {""Direccion"": ""Boulevard Insurgentes 19802-7, Tijuana, B.C. 22223, MX""}}","1979","[""Plastics Manufacturing""]","[""http://www.craftechcorp.com\n      \n\nExternal link for Craftech""]","[""Anaheim, California""]","[""Design Optimization"","" Engineering"","" Injection Molding"","" Moldmaking"","" Cable Harness Assembly"","" Clean Room Molding"","" Lean Manufacturing"","" and EMI and RFI shielding""]","{""1"": ""92806"", ""2"": ""19802""}","Tijuana,  Baja California,  Mexico","[{""Nombre"": ""John Leonard"", ""Cargo"": ""CFO at Craftech Corporation"", ""Foto"": ""https://media.licdn.com/dms/image/v2/C5603AQHBiIMkVftJXQ/profile-displayphoto-shrink_100_100/profile-displayphoto-shrink_100_100/0/1660402389362?e=2147483647&v=beta&t=zXJ68y1kaLPQmywJtsjmkhQGOsSeVn8ZOoBO6jG5pmc"", ""Perfil"": ""https://www.linkedin.com/in/john-leonard-b638a23?trk=org-employees""}, {""Nombre"": ""Peter Weisel"", ""Cargo"": ""VP Business Development and Partner at Craftech Corporation"", ""Foto"": ""https://media.licdn.com/dms/image/v2/C4E03AQHqFfngUxVCQg/profile-displayphoto-shrink_100_100/profile-displayphoto-shrink_100_100/0/1517665483534?e=2147483647&v=beta&t=qr5Gdj86VSuoP6NX1A4Gtefo1WIwOZYf5gQH2DuvfqI"", ""Perfil"": ""https://www.linkedin.com/in/peter-weisel-86b0236?trk=org-employees""}, {""Nombre"": ""Martin Campbell"", ""Cargo"": ""at Craftech Corporation"", ""Foto"": ""https://media.licdn.com/dms/image/v2/C4D03AQGfkP5OuNRDdQ/profile-displayphoto-shrink_100_100/profile-displayphoto-shrink_100_100/0/1516565754011?e=2147483647&v=beta&t=4VeHMz_rreHUUHL8f6FrUCMUgJw873Bv4jGfW80usCI"", ""Perfil"": ""https://www.linkedin.com/in/martin-campbell-15367015?trk=org-employees""}, {""Nombre"": ""Perry Bull"", ""Cargo"": ""Program Manager Craftech Corporation, Anaheim, CA"", ""Foto"": ""https://media.licdn.com/dms/image/v2/C5603AQHgMRTndtF10Q/profile-displayphoto-shrink_100_100/profile-displayphoto-shrink_100_100/0/1643912119127?e=2147483647&v=beta&t=bSFsGNpUSwNeh5ukKQzuVP74CfKIDVL9QeaY82L33pg"", ""Perfil"": ""https://www.linkedin.com/in/perry-bull-2b60a717?trk=org-employees""}]","https://www.linkedin.com/company/craftech-corporation/"
12,"Altium Designer","",,"51-200 employees","{""1"": {""Direccion"": ""Ruben Dario 1678, Guadalajara, Jalisco 44630, MX""}, ""2"": {""Direccion"": ""Cien Fuegos No 651A, Cd De Mexico, DF 07300, MX""}, ""3"": {""Direccion"": ""Queretaro, Queretaro 76047, MX""}, ""4"": {""Direccion"": ""CD. Juarez Chihuahua, Cd Juarez, Chohuahua 31107, MX""}, ""5"": {""Direccion"": ""Tijuana, Tijuana, Baja California 22127, MX""}, ""6"": {""Direccion"": ""Argentina., Buenos Aires, AR""}, ""7"": {""Direccion"": ""Santiago, CL""}}","1987","[""Appliances"","" Electrical"","" and Electronics Manufacturing""]","[""https://altiumdesigner.americarep.com/es/\n      \n\nExternal link for Altium Designer""]","[""Guadalajara, Jalisco""]","[""Electronics"","" PCB"","" PCBA"","" IOT"","" Embedded"","" FPGA"","" SMT"","" Design"","" Relays"","" Diodes"","" Capacitor"","" CI"","" Censors"","" battery"","" Transforms"","" and Resistors""]","{""1"": ""44630"", ""2"": ""07300"", ""3"": ""76047"", ""4"": ""31107"", ""5"": ""22127""}","Tijuana,  Baja California,  Mexico","[{""Nombre"": ""Mohammad Hadi Jafari"", ""Cargo"": ""Electronic Engineer at Altium Designer"", ""Foto"": ""https://media.licdn.com/dms/image/v2/C4D03AQG1ouds78FshQ/profile-displayphoto-shrink_100_100/profile-displayphoto-shrink_100_100/0/1638465678511?e=2147483647&v=beta&t=GV8kHpraXxEgov8KzqALQ5cWdHrpyIM3iVhxLLzgNXA"", ""Perfil"": ""https://ir.linkedin.com/in/mohammad-hadi-jafari-3b7155182?trk=org-employees""}, {""Nombre"": ""Pary Ronasi"", ""Cargo"": ""--"", ""Foto"": ""https://media.licdn.com/dms/image/v2/C5603AQFkfeTue4cn2A/profile-displayphoto-shrink_100_100/profile-displayphoto-shrink_100_100/0/1614893782388?e=2147483647&v=beta&t=_3-Ah9LBNoZ3QW0ytAytiQ0Q8666UbHJcb1_rFF-pbs"", ""Perfil"": ""https://ir.linkedin.com/in/pary-ronasi-7ba459205?trk=org-employees""}, {""Nombre"": ""Nasim Azar"", ""Cargo"": ""--"", ""Foto"": ""https://media.licdn.com/dms/image/v2/C4E03AQH-W7E2YCu9Qg/profile-displayphoto-shrink_100_100/profile-displayphoto-shrink_100_100/0/1635609419933?e=2147483647&v=beta&t=Z2EDxdZj3jPK5eY5FK2zVOqOUhHzFtzsjoIAWiLbBi0"", ""Perfil"": ""https://ir.linkedin.com/in/nasim-azar-b9396a224?trk=org-employees""}, {""Nombre"": ""Amir Panahi"", ""Cargo"": ""Physics | Chemistry | Computer | Electronic"", ""Foto"": ""https://media.licdn.com/dms/image/v2/D4D03AQE4kP6UJop3fw/profile-displayphoto-shrink_100_100/B4DZRkx80ZHIAY-/0/1736857611798?e=2147483647&v=beta&t=nPWW3T3OBPVB11m7BB9EGRXz1Xwh_JGpKy3f7T9IULM"", ""Perfil"": ""https://ir.linkedin.com/in/amir-panahi-26b617261?trk=org-employees""}]","https://www.linkedin.com/company/altiumdesigner/"
13,"JA Del R√≠o","",,"51-200 employees","{""1"": {""Direccion"": ""Sao Paulo 2373, 2nd Floor Col. Providencia, Guadalajara, Jalisco  44620, MX""}, ""2"": {""Direccion"": ""Avenida Paseo de la Reforma 265, Piso 16, Cuauht√©moc, Ciudad de M√©xico 06500, MX""}, ""3"": {""Direccion"": ""Pedro Ram√≠rez V√°zquez 200-5, 6-A Floor,, Col. Valle Oriente, San Pedro Garza Garc√≠a, Nuevo Leon 66260, MX""}, ""4"": {""Direccion"": ""Blvd. Campestre 2502, Piso 5,  Int. 502 Col. Campestre el Refugio., Le√≥n, Guanajuato 37156, MX""}, ""5"": {""Direccion"": ""Misi√≥n San Javier 10643,, 2nd Floor, Office 210, Zona Urbana R√≠o Tijuana, Baja California 22010, MX""}, ""6"": {""Direccion"": ""Autopista Norte, Av. Carrera 45, No. 108-27, Tower 2, Office 1502, Bogot√°, Bogot√° 11111, CO""}, ""7"": {""Direccion"": ""Cra. 43A #11A-44, Medell√≠n, El Poblado,, Antioquia 050031, CO""}, ""8"": {""Direccion"": ""WVMC+898, Trejos Montealegre,, Office: 02-119, San Jos√© Province,,  Escazu, 10203, CR""}}","1988","[""Accounting""]","[""http://www.jadelrio.com\n      \n\nExternal link for JA Del R√≠o""]","[""Guadalajara, Jalisco""]","[]","{""1"": ""44620"", ""2"": ""06500"", ""3"": ""66260"", ""4"": ""37156"", ""5"": ""10643"", ""6"": ""11111"", ""8"": ""10203""}","Tijuana,  Baja California,  Mexico","[{""Nombre"": ""Linda Garc√≠a Badillo"", ""Cargo"": ""Facilities Manager/HRBP/ HR"", ""Foto"": ""https://media.licdn.com/dms/image/v2/D5603AQFPmO02iOkrGg/profile-displayphoto-shrink_100_100/profile-displayphoto-shrink_100_100/0/1720544572762?e=2147483647&v=beta&t=ucbJ73-OO2EI4V_lXGFuputlv5yeKB1rmCdiVm8oFjw"", ""Perfil"": ""https://mx.linkedin.com/in/linda-garcia-badillo/en?trk=org-employees""}, {""Nombre"": ""Fernando Ram√≠rez Becerra"", ""Cargo"": ""Tax Supervisor at JA Del R√≠o"", ""Foto"": ""https://media.licdn.com/dms/image/v2/C5603AQH_uZ3ET7cAhg/profile-displayphoto-shrink_100_100/profile-displayphoto-shrink_100_100/0/1555513398108?e=2147483647&v=beta&t=NyVRViCuI8a-OWSXFEXitHVDEhz2meCONQpbVFEjWts"", ""Perfil"": ""https://mx.linkedin.com/in/fernando-ram%C3%ADrez-becerra-825b581b?trk=org-employees""}, {""Nombre"": ""Maria Fernanda Espinosa Rold√°n"", ""Cargo"": ""Auditor√≠a Interna, Control Interno, SOX, Certificado LFPDP, ISO 27001, SGCN:2019"", ""Foto"": ""https://media.licdn.com/dms/image/v2/D5603AQEwCAL-r_yYaw/profile-displayphoto-shrink_100_100/B56ZX9i4pZHoAU-/0/1743715536493?e=2147483647&v=beta&t=h9jFPAr8CuqxCKjIUxM9F0-6rVna05G4ELq76q50m0w"", ""Perfil"": ""https://mx.linkedin.com/in/maria-fernanda-espinosa-rold%C3%A1n-63661830?trk=org-employees""}, {""Nombre"": ""Juan Alejandro Comini Blanco"", ""Cargo"": ""üë•üìà Regional Human Resources Manager LATAM | +15 a√±os liderando cultura, talento y transformaci√≥n organizacional | Speaker & Docente en RRHH‚Ä¶"", ""Foto"": ""https://media.licdn.com/dms/image/v2/D4E03AQF_uQvRjzk2Hw/profile-displayphoto-shrink_100_100/profile-displayphoto-shrink_100_100/0/1724382954893?e=2147483647&v=beta&t=-lat9g666D4rj7kFOou9px4i8FZnPM3dkDHLzlh9mn0"", ""Perfil"": ""https://mx.linkedin.com/in/juan-comini?trk=org-employees""}]","https://www.linkedin.com/company/ja-del-rio/"
14,"ABLE Industrial Products, Inc.","",,"51-200 employees","{""1"": {""Direccion"": ""2006 S. Baker Avenue, Ontario, California 91761, US""}, ""2"": {""Direccion"": ""Parque industrial Jumare, Calle Romano 13525-P1, Tijuana, Baja California 22106, MX""}}","1974","[""Manufacturing""]","[""http://able123converting.com\n      \n\nExternal link for ABLE Industrial Products, Inc.""]","[""Ontario, California""]","[""Punch press"","" Laser cut"","" Rotary die cutting"","" Slitting"","" Class 10"",""000"","" climate controlled clean room"","" water jet cutting"","" and ISO 14001""]","{""1"": ""91761"", ""2"": ""13525""}","Tijuana,  Baja California,  Mexico","[{""Nombre"": ""Gilbert Martinez"", ""Cargo"": ""President at Able Industrial Products, Inc."", ""Foto"": ""https://media.licdn.com/dms/image/v2/C5603AQFITGEHaerb1w/profile-displayphoto-shrink_100_100/profile-displayphoto-shrink_100_100/0/1654017286032?e=2147483647&v=beta&t=YjNkBkTB-1LsrwgN2WerIB1GBQgJGXBDikTPACiDPmo"", ""Perfil"": ""https://www.linkedin.com/in/gilbert-martinez-5979bb16?trk=org-employees""}, {""Nombre"": ""Jasmine Baey"", ""Cargo"": ""Sales Engineer"", ""Foto"": ""https://media.licdn.com/dms/image/v2/D5603AQEI47Cf-RbNJQ/profile-displayphoto-shrink_100_100/profile-displayphoto-shrink_100_100/0/1679665555706?e=2147483647&v=beta&t=CU2sO0Zwq7vI1M0xUGuHj1RRb4gN4YlE_ZC8_WvafJE"", ""Perfil"": ""https://www.linkedin.com/in/jasmine-baey-1404012a?trk=org-employees""}, {""Nombre"": ""Paulina Angeni De Ramos"", ""Cargo"": ""Content Creator"", ""Foto"": ""https://media.licdn.com/dms/image/v2/C5103AQEyU_XEzbdy_Q/profile-displayphoto-shrink_100_100/profile-displayphoto-shrink_100_100/0/1554386283755?e=2147483647&v=beta&t=TC8YEU7npSMk3YeFTWV8k2CY_MNp1AYx8WPgI6l6qVI"", ""Perfil"": ""https://ph.linkedin.com/in/paulina-angeni-de-ramos-0a694350?trk=org-employees""}, {""Nombre"": ""Liang Y."", ""Cargo"": ""Quality Manager"", ""Foto"": ""https://media.licdn.com/dms/image/v2/D4E03AQFkerZKipDF8Q/profile-displayphoto-shrink_100_100/profile-displayphoto-shrink_100_100/0/1698356767590?e=2147483647&v=beta&t=48Zjqnzx_0_wTRkJ2k4ijFUnjTs7tMi39pmTvD7OQIo"", ""Perfil"": ""https://www.linkedin.com/in/liang-y-2bbb1b54?trk=org-employees""}]","https://www.linkedin.com/company/able-industrial-products/"
15,"Complete Bridge Solutions","",,"51-200 employees","{""1"": {""Direccion"": ""1750 California Ave Suite 209, Riverside County, Corona, California 92881, US""}, ""2"": {""Direccion"": ""Oficina #401-402, Rio Nazas 2388 Esquina con Blvd S√°nchez Taboada, Zona Rio, 22015, MX""}}","2017","[""IT Services and IT Consulting""]","[""http://www.completebridgesolutions.com\n      \n\nExternal link for Complete Bridge Solutions""]","[""Corona, California""]","[""Call Center"","" Advance Internet Marketing"","" Virtual Assistant"","" and Brand Consulting""]","{""1"": ""92881"", ""2"": ""22015""}","Tijuana,  Baja California,  Mexico","[{""Nombre"": ""Samih Herzallah"", ""Cargo"": ""Chief Operating Officer"", ""Foto"": ""https://media.licdn.com/dms/image/v2/C5603AQF30gCJfTp5Vg/profile-displayphoto-shrink_100_100/profile-displayphoto-shrink_100_100/0/1529963787560?e=2147483647&v=beta&t=v8Nf0sONpjcMwZOHzWNpgGJKAay2XLBc4gRHj9R1Qu0"", ""Perfil"": ""https://www.linkedin.com/in/samih-herzallah-973b2ab8?trk=org-employees""}, {""Nombre"": ""Ivan Serrano"", ""Cargo"": ""Site Operations Manager en Complete Bridge Solutions"", ""Foto"": ""https://media.licdn.com/dms/image/v2/C5603AQGR4aNTWzVpYg/profile-displayphoto-shrink_100_100/profile-displayphoto-shrink_100_100/0/1562947773094?e=2147483647&v=beta&t=M_XWGl7Kx24IiYdIz7gxnNT32AiKKw9UX8nc-V4xyuk"", ""Perfil"": ""https://www.linkedin.com/in/ivan-serrano-4564a2183?trk=org-employees""}, {""Nombre"": ""Yunuen Barajas"", ""Cargo"": ""Reclutador en Complete Bridge Solutions"", ""Foto"": ""https://media.licdn.com/dms/image/v2/C5603AQHERoyaVB9pRg/profile-displayphoto-shrink_100_100/profile-displayphoto-shrink_100_100/0/1627083341939?e=2147483647&v=beta&t=6EJgiuaKCdCbUVHgGu3P905Xm63GQzTaIpZYVfW5u-k"", ""Perfil"": ""https://mx.linkedin.com/in/yunuen-barajas-81b49a218?trk=org-employees""}, {""Nombre"": ""Bijan R"", ""Cargo"": ""--"", ""Foto"": ""https://media.licdn.com/dms/image/v2/C4E03AQHQvy8eZzAWzA/profile-displayphoto-shrink_100_100/profile-displayphoto-shrink_100_100/0/1634852243950?e=2147483647&v=beta&t=fr3TwSILL_01Kf1GI_4OrjOSyppNRnT6AUj84leztWM"", ""Perfil"": ""https://www.linkedin.com/in/bijanr?trk=org-employees""}]","https://www.linkedin.com/company/completebridgesolutions/"
16,"TJ BPO","",,"51-200 employees","{""1"": {""Direccion"": ""Calle Jos√© Gorostiza 1151, Zona Urbana R√≠o Tijuana, Baja California 22010, MX""}}",,"[""Advertising Services""]","[""https://www.facebook.com/tjbpo/\n      \n\nExternal link for TJ BPO""]","[""Zona Urbana R√≠o Tijuana, Baja California""]","[]","{""1"": ""22010""}","Tijuana,  Baja California,  Mexico","[{""Nombre"": ""Fela Groswirt"", ""Cargo"": ""Global Recruitment Manager | 411 Locals | Leading In-House Call Center & Operations Hiring for a Digital Advertising Leader Across North America‚Ä¶"", ""Foto"": ""https://media.licdn.com/dms/image/v2/D5603AQHWrjfJ-jEAhw/profile-displayphoto-shrink_100_100/profile-displayphoto-shrink_100_100/0/1689135289274?e=2147483647&v=beta&t=zotasTB-gQHRcTYEitWIQnP0-04zo_UXHNWl48tHGEk"", ""Perfil"": ""https://mx.linkedin.com/in/fela-groswirt-57943322?trk=org-employees""}, {""Nombre"": ""Victor Manuel Leon Silva"", ""Cargo"": ""Quality Assurance Auditor @ TJ BPO | Quality Assurance, Auditing, RTS"", ""Foto"": ""https://media.licdn.com/dms/image/v2/C5603AQFLzs8vIMxIVw/profile-displayphoto-shrink_100_100/profile-displayphoto-shrink_100_100/0/1653943095041?e=2147483647&v=beta&t=W_KBstMMLeJbIPDq7HxKtmX2po8-EuyBvum1PpvolnY"", ""Perfil"": ""https://mx.linkedin.com/in/victor-manuel-leon-silva-872746240?trk=org-employees""}, {""Nombre"": ""Luis Rodolfo Albarran Cardenas"", ""Cargo"": ""Sales Development & Closing //cuaota focused"", ""Foto"": ""https://media.licdn.com/dms/image/v2/D5603AQG-o-j6nv2N_w/profile-displayphoto-shrink_100_100/profile-displayphoto-shrink_100_100/0/1685979286453?e=2147483647&v=beta&t=2e8cypiPPFTGz1JpkqGe5kXjPWnSAab9ThsPiCAcswk"", ""Perfil"": ""https://mx.linkedin.com/in/luis-rodolfo-albarran-cardenas-a7194624b?trk=org-employees""}, {""Nombre"": ""Carlos Salguero"", ""Cargo"": ""Sales Representative"", ""Foto"": ""https://media.licdn.com/dms/image/v2/D5603AQHpapTV0c2Iqg/profile-displayphoto-shrink_100_100/profile-displayphoto-shrink_100_100/0/1680032953901?e=2147483647&v=beta&t=fVZRZz1YV7eaCmR-GBE-bzYpwHmjfV78WVIeYE8Xcq8"", ""Perfil"": ""https://mx.linkedin.com/in/carlos-salguero-00a426270?trk=org-employees""}]","https://www.linkedin.com/company/tj-bpo/"
17,"Grupo Tress Internacional","",,"51-200 employees","{""1"": {""Direccion"": ""Carretera al Aeropuerto No.1900, Local M-2, Centro Comercial Otay, Tijuana, Baja California 22425, MX""}, ""2"": {""Direccion"": ""World Trade Center, Montecito No.38 Piso 7 Oficina 3 Col. N√°poles, D.F, Distrito Federal 03810, MX""}, ""3"": {""Direccion"": ""Av. L√°zaro C√°rdenas No. 329-M, Plaza Corporativa Las Torres Valle Oriente, San Pedro Garza Garc√≠a, Nuevo Le√≥n 66220, MX""}}","1991","[""Software Development""]","[""http://www.tress.com.mx\n      \n\nExternal link for Grupo Tress Internacional""]","[""Tijuana, Baja California""]","[""Software para Recursos Humanos"","" N√≥mina"","" Control de Asistencia"","" Maquila de N√≥mina"","" Servicios y tecnolog√≠a de la informaci√≥n"","" and Servicio SaaS en la nube""]","{""1"": ""22425"", ""2"": ""03810"", ""3"": ""66220""}","Tijuana,  Baja California,  Mexico","[{""Nombre"": ""German Andrade"", ""Cargo"": ""Cargo no encontrado"", ""Foto"": ""https://media.licdn.com/dms/image/v2/C4D03AQFQrG4VzLPWYQ/profile-displayphoto-shrink_100_100/profile-displayphoto-shrink_100_100/0/1516250348966?e=2147483647&v=beta&t=1SwKOo01KKd1npglykCGS2wYz8xW1ZTscxj1vL8MzrU"", ""Perfil"": ""https://mx.linkedin.com/in/gandradeus?trk=org-employees""}, {""Nombre"": ""Miguel Mejia"", ""Cargo"": ""Cargo no encontrado"", ""Foto"": ""https://media.licdn.com/dms/image/v2/C5603AQGGwvu-yTbHdw/profile-displayphoto-shrink_100_100/profile-displayphoto-shrink_100_100/0/1522792441995?e=2147483647&v=beta&t=6H6HG1h87uPPSrp3eNKziEN-BplAN3bjCqp5-IatAZ4"", ""Perfil"": ""https://mx.linkedin.com/in/miguelmejiagti?trk=org-employees""}, {""Nombre"": ""Miguel Hinojos"", ""Cargo"": ""Customer Service at Grupo Tress Internacional"", ""Foto"": ""https://media.licdn.com/dms/image/v2/C5603AQGfEhrHnW0KQg/profile-displayphoto-shrink_100_100/profile-displayphoto-shrink_100_100/0/1612752684585?e=2147483647&v=beta&t=kXVcWdpTsiY6Zb3dhuxJnTb5ZDkvx_44rlripjpXFsU"", ""Perfil"": ""https://mx.linkedin.com/in/miguel-hinojos-b653899?trk=org-employees""}, {""Nombre"": ""Efr√©n Cervantes Mendoza"", ""Cargo"": ""Product Manager @ Grupo Tress Internacional"", ""Foto"": ""https://media.licdn.com/dms/image/v2/C5603AQEY-KgiiT-jTQ/profile-displayphoto-shrink_100_100/profile-displayphoto-shrink_100_100/0/1517672852230?e=2147483647&v=beta&t=khc4daP8E2eRAV4WUdbJFJHYpKHHYh9vjsuA3EaWlDs"", ""Perfil"": ""https://mx.linkedin.com/in/efrencervantes?trk=org-employees""}]","https://www.linkedin.com/company/grupotressinternacional/"
18,"Sonatafy Technology - Mexico","",,"51-200 employees","{""1"": {""Direccion"": ""Tijuana, MX""}}",,"[""Software Development""]","[""https://www.sonatafy.com\n      \n\nExternal link for Sonatafy Technology - Mexico""]","[""Tijuana""]","[]","{}","Tijuana,  Baja California,  Mexico","[{""Nombre"": ""Andres Olmos"", ""Cargo"": ""Software Development Engineer in Test"", ""Foto"": ""https://media.licdn.com/dms/image/v2/C4D03AQGk_IKfosB2_w/profile-displayphoto-shrink_100_100/profile-displayphoto-shrink_100_100/0/1517265344082?e=2147483647&v=beta&t=xXFhMIzpJq38FhkR57ZKYtBIhdAS0htGjRaYz9krDLM"", ""Perfil"": ""https://ar.linkedin.com/in/andres-olmos-5b240625?trk=org-employees""}, {""Nombre"": ""Jesus Borja"", ""Cargo"": ""Senior Project Manager"", ""Foto"": ""https://media.licdn.com/dms/image/v2/D5603AQFAY4la7xT8oQ/profile-displayphoto-shrink_100_100/profile-displayphoto-shrink_100_100/0/1666885484883?e=2147483647&v=beta&t=kLn0TPGXSUmuo2kTX8enmTqQiSviA_ABbvkA_Q3gUgA"", ""Perfil"": ""https://mx.linkedin.com/in/jesus-borja-h?trk=org-employees""}, {""Nombre"": ""Mario Galaviz"", ""Cargo"": ""Software Test Engineer"", ""Foto"": ""https://media.licdn.com/dms/image/v2/C5603AQHTMq6-fsALaw/profile-displayphoto-shrink_100_100/profile-displayphoto-shrink_100_100/0/1637351597702?e=2147483647&v=beta&t=Jv1931NIoQUpQQZ2ZJc5cYnyTwK4uM3XlnnrTIaHPdU"", ""Perfil"": ""https://mx.linkedin.com/in/mario-galaviz-6794108b?trk=org-employees""}, {""Nombre"": ""Antonio Becerra"", ""Cargo"": ""Software Engineer"", ""Foto"": ""https://media.licdn.com/dms/image/v2/D5603AQGF8RxfMJUdoA/profile-displayphoto-shrink_100_100/profile-displayphoto-shrink_100_100/0/1726651635339?e=2147483647&v=beta&t=oP6iOffMricgXphC21XUAeXk6Eg9jmBUi8HaQhjURPQ"", ""Perfil"": ""https://mx.linkedin.com/in/antonio-becerra-77984194/en?trk=org-employees""}]","https://www.linkedin.com/company/sonatafy-technology-mexico/"
19,"Fabtex, Inc.","",,"51-200 employees","{""1"": {""Direccion"": ""615 S State College Blvd., Fullerton, California 92831, US""}, ""2"": {""Direccion"": ""29 Woodbine Ln, Danville, Pennsylvania 17821, US""}, ""3"": {""Direccion"": ""Tijuana, Baja California 22444, MX""}}","1986","[""Hospitality""]","[""https://www.fabtex.com\n      \n\nExternal link for Fabtex, Inc.""]","[""Fullerton, California""]","[]","{""1"": ""92831"", ""2"": ""17821"", ""3"": ""22444""}","Tijuana,  Baja California,  Mexico","[{""Nombre"": ""Brandi Reynolds"", ""Cargo"": ""Commercial Window Treatment Guru | Helping You Protect Your Finishes from the Sun -#builtforbetter #windowtreatments #shades #drapery"", ""Foto"": ""https://media.licdn.com/dms/image/v2/C4D03AQGL6XnKhV8FhA/profile-displayphoto-shrink_100_100/profile-displayphoto-shrink_100_100/0/1572966698981?e=2147483647&v=beta&t=zVWqD3Hn33wtH1lmhbrFYA4pgkdTsqhhXvW_x6ZsV0s"", ""Perfil"": ""https://www.linkedin.com/in/brandireynolds?trk=org-employees""}, {""Nombre"": ""Jorge Haro Rangel"", ""Cargo"": ""Bussines Development Manager"", ""Foto"": ""https://media.licdn.com/dms/image/v2/C4D03AQG7Er5hRiJPaA/profile-displayphoto-shrink_100_100/profile-displayphoto-shrink_100_100/0/1516929118487?e=2147483647&v=beta&t=R8xiHA0jYINayQ9gXu6liSLCIpX1z3VcBH1qKUgTlTk"", ""Perfil"": ""https://mx.linkedin.com/in/jorge-haro-rangel-82704021?trk=org-employees""}, {""Nombre"": ""Rondalyn Scanga"", ""Cargo"": ""."", ""Foto"": ""https://media.licdn.com/dms/image/v2/C5603AQFKwr0H8f1TaQ/profile-displayphoto-shrink_100_100/profile-displayphoto-shrink_100_100/0/1607949163196?e=2147483647&v=beta&t=a7VCSN5L47k99LQ4oXHJQYYImVuw62fGIsouvoeQ4bg"", ""Perfil"": ""https://www.linkedin.com/in/rondalyn-scanga-8aa19a2a?trk=org-employees""}, {""Nombre"": ""juan villatoro"", ""Cargo"": ""window treatments installation"", ""Foto"": ""https://media.licdn.com/dms/image/v2/C5603AQGqfXy8l-MEQQ/profile-displayphoto-shrink_100_100/profile-displayphoto-shrink_100_100/0/1566586968027?e=2147483647&v=beta&t=AIcRbMbtrxEkk2aPTpJS6f7wWQoWtw6b3IH1eTHtF2c"", ""Perfil"": ""https://www.linkedin.com/in/juan-villatoro-4369982b?trk=org-employees""}]","https://www.linkedin.com/company/fabtex-inc-/"
20,"MAIS Industries LLC","",,"51-200 employees","{""1"": {""Direccion"": ""8684 Avenida de la Fuente, Suite 3, Suite 3, 92154 92154, US""}, ""2"": {""Direccion"": ""Calle Uno Poniente 19090-A Ciudad Industrial Otay, Tijuana, Baja California 22444, MX""}}","2005","[""Manufacturing""]","[""https://maisind.com/\n      \n\nExternal link for MAIS Industries LLC""]","[""Suite 3, 92154""]","[""CNC Machining"","" Quimical Processing"","" CNC Milling"","" CNC Turning"","" CNC Routing"","" Aerospace"","" and Medical""]","{""1"": ""92154"", ""2"": ""19090""}","Tijuana,  Baja California,  Mexico","[{""Nombre"": ""Gerardo Martinez Reyes"", ""Cargo"": ""Manufacturing Processes Engineer"", ""Foto"": ""https://media.licdn.com/dms/image/v2/C5603AQHlUNRiamoDKQ/profile-displayphoto-shrink_100_100/profile-displayphoto-shrink_100_100/0/1645557511033?e=2147483647&v=beta&t=ZHnpfmmJNxeXC6re8lo0uKvGbqhvDJFwQohLtBfCYHI"", ""Perfil"": ""https://mx.linkedin.com/in/gerardo-martinez-reyes-5567b0bb?trk=org-employees""}, {""Nombre"": ""Juan Manuel Lujano Castro"", ""Cargo"": ""Ingeniero de proyectos"", ""Foto"": ""https://media.licdn.com/dms/image/v2/C5603AQHMiDiyBSC0QA/profile-displayphoto-shrink_100_100/profile-displayphoto-shrink_100_100/0/1517631704332?e=2147483647&v=beta&t=RKC78020pWqb3ES481xImXnrfO2UG0t4d6HSsjNi3sA"", ""Perfil"": ""https://mx.linkedin.com/in/juan-manuel-lujano-castro-11396b119?trk=org-employees""}, {""Nombre"": ""JESUS FRANCO"", ""Cargo"": ""CNC Engineer & Programming Supervisor"", ""Foto"": ""https://media.licdn.com/dms/image/v2/D5603AQGXSrATb_6AQw/profile-displayphoto-shrink_100_100/profile-displayphoto-shrink_100_100/0/1691891659427?e=2147483647&v=beta&t=jLJL_txo7luG4s3SDTSSANL19e_F3UqxUeEySZH2eHg"", ""Perfil"": ""https://www.linkedin.com/in/jesus-franco-87b539124?trk=org-employees""}, {""Nombre"": ""Jose Luis Cruz Avilez"", ""Cargo"": ""Customer Service Supervisor MAIS Industries"", ""Foto"": ""https://media.licdn.com/dms/image/v2/C5603AQEi2Z_F39LlKQ/profile-displayphoto-shrink_100_100/profile-displayphoto-shrink_100_100/0/1575420163349?e=2147483647&v=beta&t=KszgzESqD-zwjdYQpwUWrcluIYupJ87BDtfnybJ8Ink"", ""Perfil"": ""https://mx.linkedin.com/in/jose-luis-cruz-avilez-b79272198?trk=org-employees""}]","https://www.linkedin.com/company/mais-industries-llc/"